Street address,Neighbourhood,City,State,Country
1004 1003 Burnaby Street,West End,Vancouver,BC,Canada
512 2220 Kingsway Street,Victoria East,Vancouver,BC,Canada
5756 St. Margarets Street,Killarney,Vancouver,BC,Canada
7232 Granville Street,South Granville,Vancouver,BC,Canada
1207 8533 River District Crossing,South Marine,Vancouver,BC,Canada
Thk 1111 Marinaside Crescent,Yaletown,Vancouver,BC,Canada
585 W 26th Avenue,Cambie,Vancouver,BC,Canada
557 W 26th Avenue,Cambie,Vancouver,BC,Canada
2302 1499 W Pender Street,Coal Harbour,Vancouver,BC,Canada
676 W 26th Avenue,Cambie,Vancouver,BC,Canada
1 1809 E 15th Avenue,Grandview East,Vancouver,BC,Canada
1204 983 E Hastings Street,Strathcona,Vancouver,BC,Canada
319 760 Kingsway Street,Fraser East,Vancouver,BC,Canada
1 2320 Grant Street,Grandview East,Vancouver,BC,Canada
2 2260 E 25th Avenue,Victoria East,Vancouver,BC,Canada
1310 819 Hamilton Street,Downtown West,Vancouver,BC,Canada
627 W 39th Avenue,Cambie,Vancouver,BC,Canada
5120 Killarney Street,Collingwood,Vancouver,BC,Canada
2610 89 Nelson Street,Yaletown,Vancouver,BC,Canada
160 1 E Cordova Street,Downtown East,Vancouver,BC,Canada
Ph610 1540 W 2nd Avenue,False Creek,Vancouver,BC,Canada
215 2889 E 1st Avenue,Renfrew,Vancouver,BC,Canada
412 2528 Maple Street,Kitsilano,Vancouver,BC,Canada
8 1019 Gilford Street,West End,Vancouver,BC,Canada
2551 Triumph Street,Hastings Sunrise,Vancouver,BC,Canada
4004 128 W Cordova Street,Downtown West,Vancouver,BC,Canada
708 1688 Pullman Porter Street,Mount Pleasant East,Vancouver,BC,Canada
503 53 W Hastings Street,Downtown West,Vancouver,BC,Canada
2783 W 8th Avenue,Kitsilano,Vancouver,BC,Canada
2768 E 25th Avenue,Renfrew Heights,Vancouver,BC,Canada
115 1717 W 13th Avenue,Fairview,Vancouver,BC,Canada
301 345 Water Street,Coal Harbour,Vancouver,BC,Canada
503 910 Beach Avenue,Yaletown,Vancouver,BC,Canada
557 Rupert Street,Renfrew,Vancouver,BC,Canada
4042 W 34th Avenue,Dunbar,Vancouver,BC,Canada
688 W 6th Avenue,Fairview,Vancouver,BC,Canada
7 5389 Vine Street,Kerrisdale,Vancouver,BC,Canada
102 1860 W 6th Avenue,Kitsilano,Vancouver,BC,Canada
1802 1351 Continental Street,Downtown West,Vancouver,BC,Canada
213 1869 Spyglass Place,False Creek,Vancouver,BC,Canada
302 379 E Broadway,Mount Pleasant East,Vancouver,BC,Canada
802 1688 Pullman Porter Street,Mount Pleasant East,Vancouver,BC,Canada
453 E 47th Avenue,Fraser East,Vancouver,BC,Canada
1 351 E 38th Avenue,Main,Vancouver,BC,Canada
4266 W 10th Avenue,Point Grey,Vancouver,BC,Canada
703 1468 W 14th Avenue,Fairview,Vancouver,BC,Canada
2402 939 Homer Street,Yaletown,Vancouver,BC,Canada
203 1177 Hornby Street,Downtown West,Vancouver,BC,Canada
Ph1 979 E 19th Avenue,Fraser East,Vancouver,BC,Canada
1903 811 Helmcken Street,Downtown West,Vancouver,BC,Canada
1 1186 Kaslo Street,Renfrew,Vancouver,BC,Canada
206 528 W King Edward Avenue,Cambie,Vancouver,BC,Canada
505 3228 Tupper Street,Cambie,Vancouver,BC,Canada
6810 Arlington Street,Killarney,Vancouver,BC,Canada
217 678 W 7th Avenue,Fairview,Vancouver,BC,Canada
309 2277 E 30th Avenue,Victoria East,Vancouver,BC,Canada
1362 E 60th Avenue,South Vancouver,Vancouver,BC,Canada
540 E 11th Avenue,Mount Pleasant East,Vancouver,BC,Canada
906 4815 Eldorado Mews,Collingwood,Vancouver,BC,Canada
1 1166 E 11th Avenue,Mount Pleasant East,Vancouver,BC,Canada
1718 1618 Quebec Street,Mount Pleasant East,Vancouver,BC,Canada
3529 Napier Street,Renfrew,Vancouver,BC,Canada
2707 E 26th Avenue,Renfrew Heights,Vancouver,BC,Canada
3163 E 1st Avenue,Renfrew,Vancouver,BC,Canada
1102 455 Beach Crescent,Yaletown,Vancouver,BC,Canada
6485 Adera Street,South Granville,Vancouver,BC,Canada
6789 Cambie Street,South Cambie,Vancouver,BC,Canada
208 788 W 8th Avenue,Fairview,Vancouver,BC,Canada
204 788 W 8th Avenue,Fairview,Vancouver,BC,Canada
205 788 W 8th Avenue,Fairview,Vancouver,BC,Canada
609 1288 Marinaside Crescent,Yaletown,Vancouver,BC,Canada
1723 Alberni Street 1508,West End,Vancouver,BC,Canada
202 788 W 8th Avenue,Fairview,Vancouver,BC,Canada
201 788 W 8th Avenue,Fairview,Vancouver,BC,Canada
105 788 W 8th Avenue,Fairview,Vancouver,BC,Canada
L02 788 W 8th Avenue,Fairview,Vancouver,BC,Canada
101 788 W 8th Avenue,Fairview,Vancouver,BC,Canada
2505 777 Richards Street,Downtown West,Vancouver,BC,Canada
L01 788 W 8th Avenue,Fairview,Vancouver,BC,Canada
319 2377 E 11th Avenue,Grandview East,Vancouver,BC,Canada
210 3198 Riverwalk Avenue,South Marine,Vancouver,BC,Canada
1573 W 66th Avenue,Southwest Marine,Vancouver,BC,Canada
3290 Cypress Street,Shaughnessy,Vancouver,BC,Canada
402 1012 Beach Avenue,Yaletown,Vancouver,BC,Canada
404 1790 Bayshore Drive,Coal Harbour,Vancouver,BC,Canada
2 3260 Graveley Street,Renfrew,Vancouver,BC,Canada
403 2377 E 11th Avenue,Grandview East,Vancouver,BC,Canada
106 2377 E 11th Avenue,Grandview East,Vancouver,BC,Canada
309 2377 E 11th Avenue,Grandview East,Vancouver,BC,Canada
1188 W 55th Avenue,South Granville,Vancouver,BC,Canada
1020 Wolfe Avenue,Shaughnessy,Vancouver,BC,Canada
607 833 Seymour Street,Downtown West,Vancouver,BC,Canada
250 E 54th Avenue,South Vancouver,Vancouver,BC,Canada
2061 E 41st Avenue,Victoria East,Vancouver,BC,Canada
1728 Cypress Street,Kitsilano,Vancouver,BC,Canada
2026 W 14th Avenue,Kitsilano,Vancouver,BC,Canada
2453 W 10th Avenue,Kitsilano,Vancouver,BC,Canada
1107 1068 Hornby Street,Downtown West,Vancouver,BC,Canada
24 7565 Oak Street,South Granville,Vancouver,BC,Canada
1290 E 48th Avenue,Knight,Vancouver,BC,Canada
6926 Tisdall Street,South Cambie,Vancouver,BC,Canada
208 633 W 16th Avenue,Fairview,Vancouver,BC,Canada
3812 W 15th Avenue,Point Grey,Vancouver,BC,Canada
3814 W 15th Avenue,Point Grey,Vancouver,BC,Canada
302 1080 Pacific Street,West End,Vancouver,BC,Canada
1110 W 15th Avenue,Fairview,Vancouver,BC,Canada
1 3165 W 14th Avenue,Kitsilano,Vancouver,BC,Canada
950 W 43rd Avenue,Oakridge,Vancouver,BC,Canada
4569 W 2nd Avenue,Point Grey,Vancouver,BC,Canada
2248 E 3rd Avenue,Grandview East,Vancouver,BC,Canada
1987 W 35th Avenue,Quilchena,Vancouver,BC,Canada
802 1565 W 6th Avenue,False Creek,Vancouver,BC,Canada
300 1055 Homer Street,Yaletown,Vancouver,BC,Canada
3404 1335 Howe Street,Downtown West,Vancouver,BC,Canada
268 W 1st Avenue,False Creek,Vancouver,BC,Canada
1501 1483 Homer Street,Yaletown,Vancouver,BC,Canada
1555 E 21st Avenue,Knight,Vancouver,BC,Canada
1 2623 Triumph Street,Hastings Sunrise,Vancouver,BC,Canada
2 2623 Triumph Street,Hastings Sunrise,Vancouver,BC,Canada
1 3830 W 23rd Avenue,Dunbar,Vancouver,BC,Canada
1801 1155 Seymour Street,Downtown West,Vancouver,BC,Canada
402 1188 Quebec Street,Downtown East,Vancouver,BC,Canada
811 1325 Rolston Street,Downtown West,Vancouver,BC,Canada
1638 Marpole Avenue,Shaughnessy,Vancouver,BC,Canada
201 2025 Stephens Street,Kitsilano,Vancouver,BC,Canada
1204 1188 Howe Street,Downtown West,Vancouver,BC,Canada
1071 Semlin Drive,Grandview East,Vancouver,BC,Canada
311 2520 Guelph Street,Mount Pleasant East,Vancouver,BC,Canada
808 8570 Rivergrass Drive,South Marine,Vancouver,BC,Canada
701 919 Station Street,Strathcona,Vancouver,BC,Canada
521 3438 Sawmill Crescent,South Marine,Vancouver,BC,Canada
501 209 E 7th Avenue,Mount Pleasant East,Vancouver,BC,Canada
4102 777 Richards Street,Downtown West,Vancouver,BC,Canada
1161 E 11th Avenue,Mount Pleasant East,Vancouver,BC,Canada
2 3772 W 20th Avenue,Dunbar,Vancouver,BC,Canada
1 3772 W 20th Avenue,Dunbar,Vancouver,BC,Canada
6011 Macdonald Street,Kerrisdale,Vancouver,BC,Canada
205 3161 W 4th Avenue,Kitsilano,Vancouver,BC,Canada
Ph 3401 1255 Seymour Street,Downtown West,Vancouver,BC,Canada
2309 233 Robson Street,Downtown West,Vancouver,BC,Canada
2293 E 37th Avenue,Victoria East,Vancouver,BC,Canada
901 1575 Beach Avenue,West End,Vancouver,BC,Canada
2301 89 Nelson Street,Yaletown,Vancouver,BC,Canada
506 55 E Cordova Street,Downtown East,Vancouver,BC,Canada
1389 E 39th Avenue,Knight,Vancouver,BC,Canada
17 1350 W 6th Avenue,Fairview,Vancouver,BC,Canada
209 2102 W 48th Avenue,Kerrisdale,Vancouver,BC,Canada
206 688 E 19th Avenue,Fraser East,Vancouver,BC,Canada
410 215 E 33rd Avenue,Main,Vancouver,BC,Canada
2 3320 E 44th Avenue,Killarney,Vancouver,BC,Canada
301 1502 Island Park Walk,False Creek,Vancouver,BC,Canada
105 2272 Dundas Street,Hastings,Vancouver,BC,Canada
4557 Reid Street,Collingwood,Vancouver,BC,Canada
402 1188 Richards Street,Yaletown,Vancouver,BC,Canada
2216 E 38th Avenue,Victoria East,Vancouver,BC,Canada
3224 Marmion Avenue,Killarney,Vancouver,BC,Canada
313 2250 E 1st Avenue,Grandview East,Vancouver,BC,Canada
153 2230 E 1st Avenue,Grandview East,Vancouver,BC,Canada
920 3557 Sawmill Crescent,South Marine,Vancouver,BC,Canada
2727 W 7th Avenue,Kitsilano,Vancouver,BC,Canada
1219 1768 Cook Street,False Creek,Vancouver,BC,Canada
2721 W 7th Avenue,Kitsilano,Vancouver,BC,Canada
706 1725 Pendrell Street,West End,Vancouver,BC,Canada
1 1322 13th Avenue,Grandview East,Vancouver,BC,Canada
2335 W 8th Avenue,Kitsilano,Vancouver,BC,Canada
2325 W 8th Avenue,Kitsilano,Vancouver,BC,Canada
2325/35 W 8th Avenue,Kitsilano,Vancouver,BC,Canada
3702 833 Seymour Street,Downtown West,Vancouver,BC,Canada
1 2403 W 37th Avenue,Quilchena,Vancouver,BC,Canada
201 1318 W 6th Avenue,Fairview,Vancouver,BC,Canada
409 289 Alexander Street,Strathcona,Vancouver,BC,Canada
411 2366 Wall Street,Hastings,Vancouver,BC,Canada
4444 W 2nd Avenue,Point Grey,Vancouver,BC,Canada
1161 Keefer Street,Strathcona,Vancouver,BC,Canada
1504 1568 Alberni Street,West End,Vancouver,BC,Canada
105 205 E 10th Avenue,Mount Pleasant East,Vancouver,BC,Canada
1 39 W 22nd Avenue,Cambie,Vancouver,BC,Canada
2 39 W 22nd Avenue,Cambie,Vancouver,BC,Canada
1801 183 Keefer Place,Downtown West,Vancouver,BC,Canada
5203 1480 Howe Street,Yaletown,Vancouver,BC,Canada
2611 610 Granville Street,Downtown West,Vancouver,BC,Canada
1688 W 61st Avenue,South Granville,Vancouver,BC,Canada
402 4988 Cambie Street,Cambie,Vancouver,BC,Canada
6908 Dawson Street,Killarney,Vancouver,BC,Canada
607 5168 Cambie Street,Cambie,Vancouver,BC,Canada
1506 1188 Howe Street,Downtown West,Vancouver,BC,Canada
5306 Culloden Street,Knight,Vancouver,BC,Canada
2 1322 13th Avenue,Grandview East,Vancouver,BC,Canada
1907 4815 Eldorado Mews,Collingwood,Vancouver,BC,Canada
2033 E 35th Avenue,Victoria East,Vancouver,BC,Canada
2035 E 35th Avenue,Victoria East,Vancouver,BC,Canada
103 788 W 8th Avenue,Fairview,Vancouver,BC,Canada
203 788 W 8th Avenue,Fairview,Vancouver,BC,Canada
206 788 W 8th Avenue,Fairview,Vancouver,BC,Canada
102 788 W 8th Avenue,Fairview,Vancouver,BC,Canada
106 788 W 8th Avenue,Fairview,Vancouver,BC,Canada
104 788 W 8th Avenue,Fairview,Vancouver,BC,Canada
L03 788 W 8th Avenue,Fairview,Vancouver,BC,Canada
207 788 W 8th Avenue,Fairview,Vancouver,BC,Canada
902 1325 Rolston Street,Downtown West,Vancouver,BC,Canada
807 518 Moberly Road,False Creek,Vancouver,BC,Canada
125 W 41st Avenue,Cambie,Vancouver,BC,Canada
2407 1155 Seymour Street,Downtown West,Vancouver,BC,Canada
1344 Laburnum Street,Kitsilano,Vancouver,BC,Canada
1346 Laburnum Street,Kitsilano,Vancouver,BC,Canada
1701 1499 W Pender Street,Coal Harbour,Vancouver,BC,Canada
2959 W 16 Avenue,Kitsilano,Vancouver,BC,Canada
923-925 E Broadway,Mount Pleasant East,Vancouver,BC,Canada
3625 Monmouth Avenue,Collingwood,Vancouver,BC,Canada
3402 1335 Howe Street,Downtown West,Vancouver,BC,Canada
3868 W 23rd Avenue,Dunbar,Vancouver,BC,Canada
2905 Rosemont Drive,Fraserview East,Vancouver,BC,Canada
2069 E 1st Avenue,Grandview East,Vancouver,BC,Canada
371 E 16th Avenue,Mount Pleasant East,Vancouver,BC,Canada
1426 W 48th Avenue,South Granville,Vancouver,BC,Canada
1109 8189 Cambie Street,Marpole,Vancouver,BC,Canada
3108 W 31st Avenue,Mackenzie Heights,Vancouver,BC,Canada
Ph2 668 W 16th Avenue,Cambie,Vancouver,BC,Canada
5352 Lanark Street,Knight,Vancouver,BC,Canada
1104 489 Interurban Way,Marpole,Vancouver,BC,Canada
407 5399 Joyce Street,Collingwood,Vancouver,BC,Canada
6261 Adera Street,South Granville,Vancouver,BC,Canada
4190 W 11th Avenue,Point Grey,Vancouver,BC,Canada
502 1188 W Pender Street,Coal Harbour,Vancouver,BC,Canada
21 7565 Oak Street,South Granville,Vancouver,BC,Canada
18 E 1st Avenue,Mount Pleasant East,Vancouver,BC,Canada
204 1205 W 14th Avenue,Fairview,Vancouver,BC,Canada
1837 Matthews Avenue,Shaughnessy,Vancouver,BC,Canada
4390 Kaslo Street,Renfrew Heights,Vancouver,BC,Canada
2 1328 E 35th Avenue,Knight,Vancouver,BC,Canada
1 2260 E 25th Avenue,Victoria East,Vancouver,BC,Canada
210 5989 Iona Drive,University (Ubc),Vancouver,BC,Canada
2309 1009 Expo Boulevard,Yaletown,Vancouver,BC,Canada
2 6273 Windsor Street,Fraser East,Vancouver,BC,Canada
485 W 35th Avenue,Cambie,Vancouver,BC,Canada
5584 Mackenzie Street,Kerrisdale,Vancouver,BC,Canada
202 2973 Kingsway,Collingwood,Vancouver,BC,Canada
1 6273 Windsor Street,Fraser East,Vancouver,BC,Canada
2262 Newport Avenue,Fraserview East,Vancouver,BC,Canada
1 1328 E 35th Avenue,Knight,Vancouver,BC,Canada
4517 W 4th Avenue,Point Grey,Vancouver,BC,Canada
103 1266 W 13th Avenue,Fairview,Vancouver,BC,Canada
5630 Lincoln Street,Collingwood,Vancouver,BC,Canada
Ph 2805 1323 Homer Street,Yaletown,Vancouver,BC,Canada
36 4900 Cartier Street,Shaughnessy,Vancouver,BC,Canada
1112 E 21st Avenue,Knight,Vancouver,BC,Canada
1150 E 41st Avenue,Knight,Vancouver,BC,Canada
1202 1788 Ontario Street,False Creek,Vancouver,BC,Canada
1 526 E 30th Avenue,Fraser East,Vancouver,BC,Canada
213 1330 Burrard Street,West End,Vancouver,BC,Canada
903 1678 Pullman Porter Street,Mount Pleasant East,Vancouver,BC,Canada
407 590 Nicola Street,Coal Harbour,Vancouver,BC,Canada
1010 38 W 1st Avenue,False Creek,Vancouver,BC,Canada
308 1478 W Hastings Street,Coal Harbour,Vancouver,BC,Canada
806 928 Beatty Street,Yaletown,Vancouver,BC,Canada
131 W 41st Avenue,Cambie,Vancouver,BC,Canada
2 128 W Woodstock Avenue,Cambie,Vancouver,BC,Canada
1809 1283 Howe Street,Downtown West,Vancouver,BC,Canada
604 555 Jervis Street,Coal Harbour,Vancouver,BC,Canada
2301 501 Pacific Street,Downtown West,Vancouver,BC,Canada
1802 1200 W Georgia Street,West End,Vancouver,BC,Canada
204 2001 Wall Street,Hastings,Vancouver,BC,Canada
288 E 59th Avenue,South Vancouver,Vancouver,BC,Canada
2 351 E 38th Avenue,Main,Vancouver,BC,Canada
303 4101 Yew Street,Quilchena,Vancouver,BC,Canada
204 2275 W 40th Avenue,Kerrisdale,Vancouver,BC,Canada
1806 1128 Quebec Street,Downtown East,Vancouver,BC,Canada
502 63 Keefer Place,Downtown West,Vancouver,BC,Canada
328 Wethersfield Drive,South Cambie,Vancouver,BC,Canada
103 835 W 7th Avenue,Fairview,Vancouver,BC,Canada
3653 Eton Street,Hastings Sunrise,Vancouver,BC,Canada
901 1650 W 7th Avenue,Fairview,Vancouver,BC,Canada
806 298 E 11 Avenue,Mount Pleasant East,Vancouver,BC,Canada
584 87 Nelson Street,Yaletown,Vancouver,BC,Canada
302 2080 Maple Street,Kitsilano,Vancouver,BC,Canada
36 E 37th Avenue,Main,Vancouver,BC,Canada
2301 667 Howe Street,Downtown West,Vancouver,BC,Canada
406 5399 Joyce Street,Collingwood,Vancouver,BC,Canada
102 1311 Beach Avenue,West End,Vancouver,BC,Canada
51 E 27th Avenue,Main,Vancouver,BC,Canada
213 1424 Walnut Street,Kitsilano,Vancouver,BC,Canada
1675 Larch Street,Kitsilano,Vancouver,BC,Canada
142 E 27th Avenue,Main,Vancouver,BC,Canada
2025 SW Marine Drive,Southwest Marine,Vancouver,BC,Canada
614 933 Seymour Street,Downtown West,Vancouver,BC,Canada
412 2388 Western Parkway,University (Ubc),Vancouver,BC,Canada
1810 E 55th Avenue,Fraserview East,Vancouver,BC,Canada
1824 W 12th Avenue,Kitsilano,Vancouver,BC,Canada
1608 788 Hamilton Street,Downtown West,Vancouver,BC,Canada
504 3438 Sawmill Crescent,South Marine,Vancouver,BC,Canada
108 788 W 8th Avenue,Fairview,Vancouver,BC,Canada
109 1855 Stainsbury Avenue,Victoria East,Vancouver,BC,Canada
1362 E 17th Avenue,Knight,Vancouver,BC,Canada
906 833 Seymour Street,Downtown West,Vancouver,BC,Canada
2371 E 30th Avenue,Collingwood,Vancouver,BC,Canada
312 5077 Cambie Street,Cambie,Vancouver,BC,Canada
2377 E 30th Avenue,Collingwood,Vancouver,BC,Canada
411 5733 Alberta Street,Oakridge,Vancouver,BC,Canada
Ph7 1082 Seymour Street,Downtown West,Vancouver,BC,Canada
301 2288 Laurel Street,Fairview,Vancouver,BC,Canada
5755 Angus Drive,South Granville,Vancouver,BC,Canada
109 1855 Nelson Street,West End,Vancouver,BC,Canada
1107 1199 Marinaside Crescent,Yaletown,Vancouver,BC,Canada
3227 E 29th Avenue,Renfrew Heights,Vancouver,BC,Canada
730 Hawks Avenue,Strathcona,Vancouver,BC,Canada
2995 E 17th Avenue,Renfrew Heights,Vancouver,BC,Canada
3225 E 29th Avenue,Renfrew Heights,Vancouver,BC,Canada
3 SE Marine Drive,South Vancouver,Vancouver,BC,Canada
2510 1111 Richards Street,Downtown West,Vancouver,BC,Canada
216 2545 W Broadway,Kitsilano,Vancouver,BC,Canada
7137 Camano Street,Champlain Heights,Vancouver,BC,Canada
123 1010 W 47th Avenue,South Granville,Vancouver,BC,Canada
141 1014 W 47th Avenue,South Granville,Vancouver,BC,Canada
360 E 24th Avenue,Main,Vancouver,BC,Canada
802 123 W 1st Avenue,False Creek,Vancouver,BC,Canada
1405 5410 Shortcut Road,University (Ubc),Vancouver,BC,Canada
2770 W 5th Avenue,Kitsilano,Vancouver,BC,Canada
402 1568 Alberni Street,West End,Vancouver,BC,Canada
2636 Ward Street,Collingwood,Vancouver,BC,Canada
2634 Ward Street,Collingwood,Vancouver,BC,Canada
2632 Ward Street,Collingwood,Vancouver,BC,Canada
3111 1289 Hornby Street,Downtown West,Vancouver,BC,Canada
2302 1325 Rolston Street,Downtown West,Vancouver,BC,Canada
407 370 Carrall Street,Downtown East,Vancouver,BC,Canada
2068 E 49th Avenue,Killarney,Vancouver,BC,Canada
1102 909 Mainland Street,Yaletown,Vancouver,BC,Canada
3002 33 Smithe Street,Yaletown,Vancouver,BC,Canada
805 5728 Berton Avenue,University (Ubc),Vancouver,BC,Canada
1804 1239 W Georgia Street,Coal Harbour,Vancouver,BC,Canada
101 5189 Gaston Street,Collingwood,Vancouver,BC,Canada
200 2033 W 7th Avenue,Kitsilano,Vancouver,BC,Canada
973 Mainland Street,Yaletown,Vancouver,BC,Canada
1233 933 Hornby Street,Downtown West,Vancouver,BC,Canada
1508 W 61st Avenue,South Granville,Vancouver,BC,Canada
1516 W 61st Avenue,South Granville,Vancouver,BC,Canada
6210 Larch Street,Kerrisdale,Vancouver,BC,Canada
46 W King Edward Avenue,Cambie,Vancouver,BC,Canada
33 1425 Lamey's Mill Road,False Creek,Vancouver,BC,Canada
704 1000 Beach Avenue,Yaletown,Vancouver,BC,Canada
4907 Walden Street,Main,Vancouver,BC,Canada
201 874 W 6th Avenue,Fairview,Vancouver,BC,Canada
1128 E Pender Street,Strathcona,Vancouver,BC,Canada
205 1330 Hornby Street,Downtown West,Vancouver,BC,Canada
104 1933 W 5th Avenue,Kitsilano,Vancouver,BC,Canada
2501 7433 Cambie Street,South Cambie,Vancouver,BC,Canada
18 6788 Oak Street,South Cambie,Vancouver,BC,Canada
1371 E 63rd Avenue,South Vancouver,Vancouver,BC,Canada
1101 433 SW Marine Drive,Marpole,Vancouver,BC,Canada
1136 E 26th Avenue,Knight,Vancouver,BC,Canada
108 7520 Columbia Street,Marpole,Vancouver,BC,Canada
2 2444 Napier Street,Renfrew,Vancouver,BC,Canada
455 1483 E King Edward Avenue,Knight,Vancouver,BC,Canada
305 222 E 30th Avenue,Main,Vancouver,BC,Canada
3504 1288 West Georgia,West End,Vancouver,BC,Canada
420 3563 Ross Drive,University (Ubc),Vancouver,BC,Canada
3529 W 34th Avenue,Dunbar,Vancouver,BC,Canada
3707 Hudson Street,Shaughnessy,Vancouver,BC,Canada
202 8680 Fremlin Street,Marpole,Vancouver,BC,Canada
502 1616 W 13th Avenue,Fairview,Vancouver,BC,Canada
1000 499 Pacific Street,Yaletown,Vancouver,BC,Canada
5470 Clarendon Street,Collingwood,Vancouver,BC,Canada
3902 1033 Marinaside Crescent,Yaletown,Vancouver,BC,Canada
1332 W 47th Avenue,South Granville,Vancouver,BC,Canada
604 1315 Cardero Street,West End,Vancouver,BC,Canada
2001 198 Aquarius Mews,Yaletown,Vancouver,BC,Canada
108 8622 Selkirk Street,Marpole,Vancouver,BC,Canada
301 4375 W 10th Avenue,Point Grey,Vancouver,BC,Canada
1603 939 Expo Boulevard,Yaletown,Vancouver,BC,Canada
563 W 26th Avenue,Cambie,Vancouver,BC,Canada
3003 8131 Nunavut Lane,Marpole,Vancouver,BC,Canada
908 189 Keefer Street,Downtown East,Vancouver,BC,Canada
102 1450 E 7 Avenue,Grandview East,Vancouver,BC,Canada
2353 Kingsway,Collingwood,Vancouver,BC,Canada
2375 Kingsway,Collingwood,Vancouver,BC,Canada
2335 Kingsway,Collingwood,Vancouver,BC,Canada
2361 Kingsway,Collingwood,Vancouver,BC,Canada
104 2333 Eton Street,Hastings,Vancouver,BC,Canada
3601 1438 Richards Street,Yaletown,Vancouver,BC,Canada
210 2408 Grant Street,Renfrew,Vancouver,BC,Canada
3303 Venables Street,Renfrew,Vancouver,BC,Canada
202 983 E Hastings Street,Strathcona,Vancouver,BC,Canada
2304 183 Keefer Place,Downtown West,Vancouver,BC,Canada
756 W 26th Avenue,Cambie,Vancouver,BC,Canada
2 2138 W 48th Avenue,Kerrisdale,Vancouver,BC,Canada
409 210 E 5th Avenue,Mount Pleasant East,Vancouver,BC,Canada
301 1771 Nelson Street,West End,Vancouver,BC,Canada
202 1771 Nelson Street,West End,Vancouver,BC,Canada
501 1255 Main Street,Downtown East,Vancouver,BC,Canada
2 1019 E 39th Avenue,Fraser East,Vancouver,BC,Canada
Ph2 950 Bidwell Street,West End,Vancouver,BC,Canada
87 E Cordova Street,Downtown East,Vancouver,BC,Canada
2801 535 Smithe Street,Downtown West,Vancouver,BC,Canada
3315 Knight Street,Knight,Vancouver,BC,Canada
203 3368 Main Street,Main,Vancouver,BC,Canada
411 298 E 11th Avenue,Mount Pleasant East,Vancouver,BC,Canada
305 188 E 32nd Avenue,Main,Vancouver,BC,Canada
460 E 5th Avenue,Mount Pleasant East,Vancouver,BC,Canada
1501 845 Chilco Street,West End,Vancouver,BC,Canada
803 983 E Hastings Street,Strathcona,Vancouver,BC,Canada
4178 Slocan Street,Renfrew Heights,Vancouver,BC,Canada
636 E 51st Avenue,South Vancouver,Vancouver,BC,Canada
104 5089 Quebec Street,Main,Vancouver,BC,Canada
1504 1775 Quebec Street,Mount Pleasant East,Vancouver,BC,Canada
311 1975 Pendrell Street,West End,Vancouver,BC,Canada
1206 E 22nd Avenue,Knight,Vancouver,BC,Canada
404 E 46th Avenue,Fraser East,Vancouver,BC,Canada
604 55 Alexander Street,Downtown East,Vancouver,BC,Canada
2689 Brightwood Place,Fraserview East,Vancouver,BC,Canada
920 W 49th Avenue,South Cambie,Vancouver,BC,Canada
408 3451 Sawmill Crescent,South Marine,Vancouver,BC,Canada
405 288 E 8th Avenue,Mount Pleasant East,Vancouver,BC,Canada
101 830 E 7th Avenue,Mount Pleasant East,Vancouver,BC,Canada
602 5629 Birney Avenue,University (Ubc),Vancouver,BC,Canada
303 2450 Cornwall Avenue,Kitsilano,Vancouver,BC,Canada
309 285 E 10th Avenue,Mount Pleasant East,Vancouver,BC,Canada
201 1147 Nelson Street,West End,Vancouver,BC,Canada
3007 W 32nd Avenue,Mackenzie Heights,Vancouver,BC,Canada
1479 E King Edward Avenue,Knight,Vancouver,BC,Canada
101 710 E 6th Avenue,Mount Pleasant East,Vancouver,BC,Canada
2901 1483 Homer Street,Yaletown,Vancouver,BC,Canada
2043 W 45th Avenue,Kerrisdale,Vancouver,BC,Canada
1107 822 Homer Street,Downtown West,Vancouver,BC,Canada
3256 E Georgia Street,Renfrew,Vancouver,BC,Canada
3205 Carolina Street,Fraser East,Vancouver,BC,Canada
1 1456 W 45th Avenue,South Granville,Vancouver,BC,Canada
2703 667 Howe Street,Downtown West,Vancouver,BC,Canada
801 1236 Bidwell Street,West End,Vancouver,BC,Canada
B 3538 W 14th Avenue,Kitsilano,Vancouver,BC,Canada
1309 3430 E Kent Avenue South,South Marine,Vancouver,BC,Canada
631 Victoria Drive,Hastings,Vancouver,BC,Canada
1906 888 Hamilton Street,Downtown West,Vancouver,BC,Canada
1116 610 Granville Street,Downtown West,Vancouver,BC,Canada
2038 E 1st Avenue,Grandview East,Vancouver,BC,Canada
3728 Heather Street,Cambie,Vancouver,BC,Canada
4951 Rupert Street,Collingwood,Vancouver,BC,Canada
4939 Rupert Street,Collingwood,Vancouver,BC,Canada
198 E 44th Avenue,Main,Vancouver,BC,Canada
205 5683 Hampton Place,University (Ubc),Vancouver,BC,Canada
2171 Maple Street,Kitsilano,Vancouver,BC,Canada
310 5681 Birney Avenue,University (Ubc),Vancouver,BC,Canada
103 2256 W 7th Avenue,Kitsilano,Vancouver,BC,Canada
4509 1289 Hornby Street,Downtown West,Vancouver,BC,Canada
7789 Birch Street,Marpole,Vancouver,BC,Canada
3186 Grant Street,Renfrew,Vancouver,BC,Canada
505 833 Homer Street,Downtown West,Vancouver,BC,Canada
2798 Yale Street,Hastings Sunrise,Vancouver,BC,Canada
2528 Napier Street,Renfrew,Vancouver,BC,Canada
303 3220 W 4th Avenue,Kitsilano,Vancouver,BC,Canada
809 1333 W Georgia Street,Coal Harbour,Vancouver,BC,Canada
204 975 E Broadway,Mount Pleasant East,Vancouver,BC,Canada
206 5788 Vine Street,Kerrisdale,Vancouver,BC,Canada
304 7428 Alberta Street,South Cambie,Vancouver,BC,Canada
702 1534 Harwood Street,West End,Vancouver,BC,Canada
103 7638 Cambie Street,Marpole,Vancouver,BC,Canada
2502 8131 Nunavut Lane,Marpole,Vancouver,BC,Canada
207 1210 W 8th Avenue,Fairview,Vancouver,BC,Canada
1718 W 61st Avenue,South Granville,Vancouver,BC,Canada
14 Sennok Crescent,University (Ubc),Vancouver,BC,Canada
612 7228 Adera Street,South Granville,Vancouver,BC,Canada
3405 1283 Howe Street,Downtown West,Vancouver,BC,Canada
2355 E 54th Avenue,Killarney,Vancouver,BC,Canada
2109 1111 Alberni Street,West End,Vancouver,BC,Canada
411 2020 SE Kent Avenue,South Marine,Vancouver,BC,Canada
2688 West Mall Road 1003,Hastings Sunrise,Vancouver,BC,Canada
1735 W 16 Avenue,Fairview,Vancouver,BC,Canada
156 W 62nd Avenue,Marpole,Vancouver,BC,Canada
2850 Mackenzie Street,Kitsilano,Vancouver,BC,Canada
1 1826 E 2nd Avenue,Grandview East,Vancouver,BC,Canada
1701 1708 Ontario Street,False Creek,Vancouver,BC,Canada
403 2055 Yukon Street,False Creek,Vancouver,BC,Canada
504 36 Water Street,Downtown West,Vancouver,BC,Canada
2002 928 Richards Street,Yaletown,Vancouver,BC,Canada
225 5555 Victoria Drive,Victoria East,Vancouver,BC,Canada
105 2250 SE Marine Drive,South Marine,Vancouver,BC,Canada
319 3438 Sawmill Crescent,South Marine,Vancouver,BC,Canada
408 480 16th Avenue,Fraser East,Vancouver,BC,Canada
950 W 17th Avenue,Cambie,Vancouver,BC,Canada
2903 583 Beach Crescent,Yaletown,Vancouver,BC,Canada
1101 1777 Bayshore Drive,Coal Harbour,Vancouver,BC,Canada
1986 E 8th Avenue,Grandview East,Vancouver,BC,Canada
103 1040 E Broadway Avenue,Mount Pleasant East,Vancouver,BC,Canada
688 W 29th Avenue,Cambie,Vancouver,BC,Canada
106 3731 W 6th Avenue,Point Grey,Vancouver,BC,Canada
209 231 E Pender Street,Strathcona,Vancouver,BC,Canada
503 1495 Richards Street,Yaletown,Vancouver,BC,Canada
202 477 W 59th Avenue,South Cambie,Vancouver,BC,Canada
3132 Maple Street,Kitsilano,Vancouver,BC,Canada
3188 Grant Street,Renfrew,Vancouver,BC,Canada
2701 1372 Seymour Street,Downtown West,Vancouver,BC,Canada
213 1545 E 2nd Avenue,Grandview East,Vancouver,BC,Canada
315 4990 Mcgeer Street,Collingwood,Vancouver,BC,Canada
2326 Windsor Street,Mount Pleasant East,Vancouver,BC,Canada
1108 66 W Cordova Street,Downtown West,Vancouver,BC,Canada
8258 Tugboat Place,Southlands,Vancouver,BC,Canada
2303 1188 Howe Street,Downtown West,Vancouver,BC,Canada
2795 W 37th Avenue,,Vancouver,BC,Canada
501 433 SW Marine Drive,Marpole,Vancouver,BC,Canada
509 2105 W 46th Avenue,Kerrisdale,Vancouver,BC,Canada
508 2105 W 46th Avenue,Kerrisdale,Vancouver,BC,Canada
Ph3 1790 Bayshore Drive,Coal Harbour,Vancouver,BC,Canada
216 455 E 16th Avenue,Mount Pleasant East,Vancouver,BC,Canada
1005 1003 Burnaby Street,West End,Vancouver,BC,Canada
3576 E Georgia Street,Renfrew,Vancouver,BC,Canada
3822 W 2nd Avenue,Point Grey,Vancouver,BC,Canada
Tha 1199 Marinaside Crescent,Yaletown,Vancouver,BC,Canada
2984 W 31st Avenue,Mackenzie Heights,Vancouver,BC,Canada
2731 Sophia Street,Mount Pleasant East,Vancouver,BC,Canada
