Street address,City,State,Zip/Postal Code,Country,Latitude,Longitude,Postal Code
1525 Coal Harbour Cay #B17, Vancouver,BC,V6G3E7,Canada,49.291479,-123.128047,V6G
2106 SW Marine Dr, Vancouver,BC,V6P6B5,Canada,49.214789,-123.15583,V6P
3440 Broadway W #126, Vancouver,BC,V6R4R2,Canada,49.264012,-123.180766,V6R
8481 Portside Ct, Vancouver,BC,V5P4V4,Canada,49.207213,-123.061855,V5P
2870 SW Marine Dr, Vancouver,BC,V6N3X9,Canada,49.225986,-123.170995,V6N
3823 Cypress St, Vancouver,BC,V6J3P4,Canada,49.25175,-123.149196,V6J
2815 Yale St, Vancouver,BC,V5K1C5,Canada,49.290923,-123.046093,V5K
1219 Harwood St #201, Vancouver,BC,V6E1S5,Canada,49.280802,-123.135616,V6E
1611 E 3rd Ave #107, Vancouver,BC,V5N1H1,Canada,49.268053,-123.071359,V5N
1188 W 55th Ave, Vancouver,BC,V6P1R1,Canada,49.220119,-123.132186,V6P
2478 W 5th Ave, Vancouver,BC,V6K1S8,Canada,49.267165,-123.161621,V6K
4513 Nanaimo St, Vancouver,BC,V5N5J2,Canada,49.244586,-123.057159,V5N
3462 Dartmoor Pl, Vancouver,BC,V5S4G2,Canada,49.210305,-123.028942,V5S
838 Hamilton St #1009, Vancouver,BC,V6B6A2,Canada,49.278326,-123.116209,V6B
1201 Lameys Mill Rd #22, Vancouver,BC,V6H3S8,Canada,49.267408,-123.134371,V6H
3945 Alice St #2, Vancouver,BC,V5N4J6,Canada,49.249891,-123.066147,V5N
1480 Howe St #P5-502, Vancouver,BC,V6Z0G5,Canada,49.274891,-123.131173,V6Z
2711 Point Grey Rd, Vancouver,BC,V6K1A4,Canada,49.272416,-123.166684,V6K
1828 SE Marine Dr, Vancouver,BC,V5P2R3,Canada,49.210319,-123.069152,V5P
4788 Belmont Ave, Vancouver,BC,V6T1A9,Canada,49.274912,-123.219831,V6T
1042 Ironwork Pass, Vancouver,BC,V6H3P1,Canada,49.268132,-123.128577,V6H
1611 Drummond Dr, Vancouver,BC,V6T1B7,Canada,49.274087,-123.222267,V6T
159 W 2nd Ave #2/503, Vancouver,BC,V5Y0L8,Canada,49.269571,-123.108504,V5Y
1599 Angus Dr, Vancouver,BC,V6J4H2,Canada,49.254756,-123.141274,V6J
8258 Tugboat Pl, Vancouver,BC,V6P6P8,Canada,49.210799,-123.153303,V6P
1251 Cardero St #1808, Vancouver,BC,V6G2H9,Canada,49.284994,-123.139881,V6G
3688 W 49th Ave, Vancouver,BC,V6N3T8,Canada,49.227055,-123.186489,V6N
1675 Larch St, Vancouver,BC,V6K3N7,Canada,49.271174,-123.162392,V6K
1159 Main St #505, Vancouver,BC,V6A4B6,Canada,49.274261,-123.100494,V6A
1128 Georgia St W #4903, Vancouver,BC,V6E0A8,Canada,49.285762,-123.123947,V6E
138 Hastings St E #206, Vancouver,BC,V6A0E6,Canada,49.281058,-123.101197,V6A
1720 Barclay St #503, Vancouver,BC,V6G1K4,Canada,49.289164,-123.136778,V6G
1895 E 50th Ave, Vancouver,BC,V5P1V1,Canada,49.224548,-123.067534,V5P
1510 W 1st Ave #305, Vancouver,BC,V6J4S3,Canada,49.270682,-123.146084,V6J
197 W King Edward Avenue St #8, Vancouver,BC,V5Y4B4,Canada,49.248613,-123.109833,V5Y
1784 Drummond Dr, Vancouver,BC,V6T1B6,Canada,49.271896,-123.220682,V6T
1188 Howe St #2403, Vancouver,BC,V6Z2S8,Canada,49.278315,-123.12697,V6Z
1363 E 21st Ave, Vancouver,BC,V5V1R7,Canada,49.251446,-123.077023,V5V
2795 W 37th Ave, Vancouver,BC,V6N2T5,Canada,49.238765,-123.167839,V6N
1626 Avondale Ave, Vancouver,BC,V6M1S1,Canada,49.236718,-123.141853,V6M
3337 Flagstaff Pl, Vancouver,BC,V5S4K9,Canada,49.211569,-123.031929,V5S
1325 Rolston St #1513, Vancouver,BC,V6B0M2,Canada,49.275617,-123.127925,V6B
63 Keefer Pl #502, Vancouver,BC,V6B6N6,Canada,49.279933,-123.10662,V6B
1189 Melville St #3404, Vancouver,BC,V6E4T8,Canada,49.287784,-123.123458,V6E
86 Creelman Ave #2078, Vancouver,BC,V6J1C3,Canada,49.274486,-123.14967,V6J
3635 W 14th Ave, Vancouver,BC,V6R2W6,Canada,49.26001,-123.184653,V6R
2023 W 36th Ave, Vancouver,BC,V6M1L1,Canada,49.23888,-123.152567,V6M
1925 SW Marine Dr, Vancouver,BC,V6P6B3,Canada,49.211681,-123.15033,V6P
8588 Cornish St #1105, Vancouver,BC,V6P0C1,Canada,49.208948,-123.141934,V6P
1499 W Pender St #1802, Vancouver,BC,V6G2S3,Canada,49.289964,-123.128049,V6G
1527 Angus Dr, Vancouver,BC,V6J4H2,Canada,49.254874,-123.140051,V6J
788 W 19th Ave, Vancouver,BC,V5Z1X2,Canada,49.254059,-123.121662,V5Z
2305 Turner St, Vancouver,BC,V5L2A6,Canada,49.279356,-123.057661,V5L
53 Hastings St W #503, Vancouver,BC,V6B1G4,Canada,49.282116,-123.106307,V6B
250 E 6th Ave #809, Vancouver,BC,V5T0B7,Canada,49.265226,-123.100379,V5T
7021 Prescott St, Vancouver,BC,V6N1N2,Canada,49.222454,-123.177956,V6N
8083 Angus Dr, Vancouver,BC,V6P5K9,Canada,49.212693,-123.14893,V6P
4869 Lanark St, Vancouver,BC,V5N3S1,Canada,49.240711,-123.075322,V5N
1483 King Edward Ave E #1056, Vancouver,BC,V5N5Z3,Canada,49.249844,-123.138278,V5N
1270 Robson St #507, Vancouver,BC,V6E3Z6,Canada,49.286589,-123.128605,V6E
3625 Monmouth Ave, Vancouver,BC,V5R5S4,Canada,49.23952,-123.02554,V5R
560 Cardero St #603, Vancouver,BC,V6G3E9,Canada,49.291362,-123.128679,V6G
939 Homer St #2402, Vancouver,BC,V6B2W6,Canada,49.278115,-123.119485,V6B
488 Helmcken St UNIT 605, Vancouver,BC,V6B6E4,Canada,49.276526,-123.122747,V6B
2612 Balaclava St, Vancouver,BC,V6K4E2,Canada,49.263105,-123.173703,V6K
1425 Lameys Mill Rd #10, Vancouver,BC,V6H3W2,Canada,49.268443,-123.135844,V6H
453 E 47th Ave, Vancouver,BC,V5W2B3,Canada,49.227715,-123.095493,V5W
583 Beach Cres #2903, Vancouver,BC,V6Z3E6,Canada,49.273589,-123.129221,V6Z
610 Granville St #811, Vancouver,BC,V6C3T3,Canada,49.28312,-123.116554,V6C
540 E 11th Ave, Vancouver,BC,V5T2C4,Canada,49.260377,-123.091996,V5T
1201 Marinaside Cres #1602, Vancouver,BC,V6Z2V2,Canada,49.273129,-123.120638,V6Z
2850 Mackenzie St, Vancouver,BC,V6K4A2,Canada,49.260838,-123.169951,V6K
1332 W 51st Ave, Vancouver,BC,V6P1C7,Canada,49.22465,-123.135958,V6P
8988 Hudson St #116, Vancouver,BC,V6P6Z1,Canada,49.20355,-123.134225,V6P
445 E 57th Ave #2, Vancouver,BC,V5X1S8,Canada,49.218602,-123.09638,V5X
8555 Granville St #2108, Vancouver,BC,V6P0C3,Canada,49.209294,-123.141287,V6P
555 Abbott St #312, Vancouver,BC,V6B6B8,Canada,49.280181,-123.108684,V6B
1465 Walnut St, Vancouver,BC,V6J3R2,Canada,49.272706,-123.149237,V6J
4422 Quesnel Dr, Vancouver,BC,V6L2X6,Canada,49.247018,-123.168268,V6L
7450 Balaclava St, Vancouver,BC,V6N1M8,Canada,49.218032,-123.175623,V6N
277 Thurlow St #3001, Vancouver,BC,V6C0C1,Canada,49.288884,-123.11914,V6C
4053 W 32nd Ave, Vancouver,BC,V6S1Z5,Canada,49.243624,-123.195417,V6S
168 Powell St #515, Vancouver,BC,V6A0B2,Canada,49.282968,-123.100636,V6A
209 E 7th Ave #501, Vancouver,BC,V5T0H3,Canada,49.264857,-123.100405,V5T
2453 W 10th Ave, Vancouver,BC,V6K2K7,Canada,49.263248,-123.161373,V6K
2600 E 49th Ave #112, Vancouver,BC,V5S1J8,Canada,49.224313,-123.054098,V5S
1101 W 8th Ave #11, Vancouver,BC,V6H1C5,Canada,49.264598,-123.129408,V6H
2419 Grant St #201, Vancouver,BC,V6A2J6,Canada,49.271619,-123.055762,V6A
2236 E 34th Ave, Vancouver,BC,V5P1B1,Canada,49.238649,-123.060743,V5P
1288 Marinaside Cres #609, Vancouver,BC,V6Z2W5,Canada,49.272079,-123.120377,V6Z
888 Bute St #101, Vancouver,BC,V6E1Y5,Canada,49.284652,-123.128638,V6E
1915 W 13th Ave, Vancouver,BC,V6J2H5,Canada,49.259723,-123.148738,V6J
3623 Yale St, Vancouver,BC,V5K1B8,Canada,49.290988,-123.025089,V5K
3437 E 49th Ave #80, Vancouver,BC,V5S1M1,Canada,49.224224,-123.031028,V5S
428 Beach Cres #2802, Vancouver,BC,V6Z3G1,Canada,49.27233,-123.127311,V6Z
1019 Gilford St #8, Vancouver,BC,V6G2P1,Canada,49.2903,-123.140972,V6G
7428 Alberta St #304, Vancouver,BC,V5X0J5,Canada,49.217347,-123.112657,V5X
3542 W 16th Ave, Vancouver,BC,V6R3C1,Canada,49.257558,-123.183274,V6R
275 E 65th Ave, Vancouver,BC,V5X2P3,Canada,49.211978,-123.100764,V5X
183 Keefer Pl #1004, Vancouver,BC,V6B6B9,Canada,49.280356,-123.10826,V6B
2889 E 1st Ave #215, Vancouver,BC,V5M0G2,Canada,49.269961,-123.044686,V5M
1372 Seymour St #2701, Vancouver,BC,V6B0L1,Canada,49.27459,-123.127563,V6B
53 Hastings St W #306, Vancouver,BC,V6B1G4,Canada,49.282116,-123.106307,V6B
583 Beach Cres #3006, Vancouver,BC,V6Z3E6,Canada,49.273589,-123.129221,V6Z
2768 E 25th Ave, Vancouver,BC,V5R1H7,Canada,49.247673,-123.047995,V5R
845 W 67th Ave, Vancouver,BC,V6P2S5,Canada,49.210871,-123.125486,V6P
3290 Cypress St, Vancouver,BC,V6J3N6,Canada,49.256513,-123.148065,V6J
885 Cambie St #2103, Vancouver,BC,V6B0R6,Canada,49.277518,-123.116547,V6B
4900 Cartier St #306, Vancouver,BC,V6M4H2,Canada,49.240721,-123.136482,V6M
1415 Walnut St, Vancouver,BC,V6J3R2,Canada,49.273246,-123.149335,V6J
4818 Knight St, Vancouver,BC,V5N3N4,Canada,49.241341,-123.075952,V5N
1350 W 6th Ave #17, Vancouver,BC,V6H1A7,Canada,49.265879,-123.135055,V6H
1422 Parker St, Vancouver,BC,V5L2K1,Canada,49.275574,-123.075255,V5L
3363 W 19th Ave, Vancouver,BC,V6S1C1,Canada,49.25581,-123.179967,V6S
128 Cordova St W #303, Vancouver,BC,V6B0E6,Canada,49.282525,-123.107958,V6B
1077 Marinaside Cres #1106, Vancouver,BC,V6Z2Z5,Canada,49.273637,-123.116652,V6Z
3987 Rupert St, Vancouver,BC,V5R2G9,Canada,49.248973,-123.034214,V5R
1251 Cardero St #2001, Vancouver,BC,V6G2H9,Canada,49.284994,-123.139881,V6G
2737 Oxford St, Vancouver,BC,V5L1E8,Canada,49.285419,-123.04837,V5L
1238 Melville St #1205, Vancouver,BC,V6E4N2,Canada,49.288222,-123.125361,V6E
3449 E 4th Ave, Vancouver,BC,V5M1M1,Canada,49.266885,-123.029764,V5M
1159 Main St #406, Vancouver,BC,V6A4B6,Canada,49.274261,-123.100494,V6A
2731 Duke St, Vancouver,BC,V5R4S8,Canada,49.239163,-123.049351,V5R
231 E Pender St #209, Vancouver,BC,V6A0G3,Canada,49.280617,-123.098724,V6A
1331 Homer St #B1201, Vancouver,BC,V6B5M5,Canada,49.273879,-123.126066,V6B
4101 Yew St #304, Vancouver,BC,V6L3B7,Canada,49.248583,-123.155246,V6L
3609 Turner St, Vancouver,BC,V5K2J2,Canada,49.27936,-123.025311,V5K
1205 W 7th Ave, Vancouver,BC,V6H1B7,Canada,49.265,-123.131574,V6H
2550 Garden Dr #605, Vancouver,BC,V5N4X6,Canada,49.261596,-123.057753,V5N
1667 W 40th Ave, Vancouver,BC,V6M1W1,Canada,49.236008,-123.143513,V6M
2025 W 2nd Ave #201, Vancouver,BC,V6J1J6,Canada,49.270112,-123.151099,V6J
1330 Harwood St #1202, Vancouver,BC,V6E1S8,Canada,49.281647,-123.138072,V6E
3070 W 44th Ave, Vancouver,BC,V6N3K6,Canada,49.231635,-123.174173,V6N
1372 Seymour St UNIT 2101, Vancouver,BC,V6B0L1,Canada,49.27459,-123.127563,V6B
289 E 6th Ave #512, Vancouver,BC,V5T0E9,Canada,49.265741,-123.099417,V5T
1281 Cordova St W #3402, Vancouver,BC,V6C3R5,Canada,49.290102,-123.123203,V6C
455 SW Marine Dr #2006, Vancouver,BC,V5X2S9,Canada,49.211163,-123.115988,V5X
1188 Quebec St #402, Vancouver,BC,V6A4B3,Canada,49.27411,-123.101233,V6A
1500 Howe St #2201, Vancouver,BC,V6Z2N1,Canada,49.274171,-123.132003,V6Z
4930 Dunbar St, Vancouver,BC,V6N1V3,Canada,49.241926,-123.184888,V6N
950 W 17th Ave, Vancouver,BC,V5Z1V4,Canada,49.255966,-123.126198,V5Z
2550 Garden Dr #414, Vancouver,BC,V5N4X6,Canada,49.261596,-123.057753,V5N
1328 W Pender St #2201, Vancouver,BC,V6E4S9,Canada,49.289067,-123.126664,V6E
1788 Georgia St W #601, Vancouver,BC,V6G2V7,Canada,49.292156,-123.133845,V6G
360 E 36th Ave #213, Vancouver,BC,V5W4B9,Canada,49.237636,-123.098596,V5W
460 W 16th Ave #12, Vancouver,BC,V5Y1Z3,Canada,49.256561,-123.114012,V5Y
3803 W 26th Ave, Vancouver,BC,V6S1P3,Canada,49.249287,-123.18835,V6S
1415 Georgia St W #2203, Vancouver,BC,V6G3C8,Canada,49.289455,-123.128288,V6G
1311 Beach Ave #1802, Vancouver,BC,V6E1V6,Canada,49.281167,-123.13834,V6E
108 Cordova St W #1401, Vancouver,BC,V6B0G5,Canada,49.282616,-123.107958,V6B
3615 Yale St, Vancouver,BC,V5K1B8,Canada,49.290383,-123.025333,V5K
1333 Georgia St W #809, Vancouver,BC,V6E4V3,Canada,49.28899,-123.127532,V6E
209 E 20th Ave #103, Vancouver,BC,V5V1M2,Canada,49.253226,-123.100429,V5V
3731 W 6th Ave #203, Vancouver,BC,V6R1T8,Canada,49.26716,-123.18637,V6R
811 Helmcken St #1903, Vancouver,BC,V6Z1B1,Canada,49.279247,-123.125531,V6Z
1618 Grant St, Vancouver,BC,V5L2Y5,Canada,49.271659,-123.071011,V5L
2272 Dundas St #105, Vancouver,BC,V5L1J8,Canada,49.284558,-123.058355,V5L
5788 Vine St #206, Vancouver,BC,V6M4L8,Canada,49.233908,-123.159569,V6M
1128 Quebec St #604, Vancouver,BC,V6A4E1,Canada,49.274651,-123.101142,V6A
3240 Napier St, Vancouver,BC,V5K2X1,Canada,49.274717,-123.035049,V5K
555 Jervis St #2204, Vancouver,BC,V6E4N1,Canada,49.288547,-123.125844,V6E
3908 W 17th Ave, Vancouver,BC,V6S1A5,Canada,49.257166,-123.191147,V6S
2765 W 15th Ave, Vancouver,BC,V6K2Z7,Canada,49.258911,-123.167736,V6K
1133 Hornby St #809, Vancouver,BC,V6Z1W1,Canada,49.279263,-123.127457,V6Z
4990 McGeer St #315, Vancouver,BC,V5R6C1,Canada,49.239521,-123.032816,V5R
1345 Comox St #204, Vancouver,BC,V6E4E4,Canada,49.284133,-123.132141,V6E
937 W 18th Ave, Vancouver,BC,V5Z1W4,Canada,49.255551,-123.125406,V5Z
616 E 10th Ave, Vancouver,BC,V5T2A5,Canada,49.261269,-123.090603,V5T
2699 Duke St, Vancouver,BC,V5R4S8,Canada,49.239447,-123.050058,V5R
3457 Oxford St, Vancouver,BC,V5K1N8,Canada,49.285941,-123.029585,V5K
110 Switchmen St #1707, Vancouver,BC,V6A0C6,Canada,49.270809,-123.101516,V6A
2057 W 3rd Ave #PENTHOUSE 3, Vancouver,BC,V6J1L4,Canada,49.26924,-123.151753,V6J
1869 Spyglass Pl #213, Vancouver,BC,V5Z4K7,Canada,49.268648,-123.115807,V5Z
474 E 43rd Ave #204, Vancouver,BC,V5W1T4,Canada,49.230805,-123.094791,V5W
438 Seymour St #1708, Vancouver,BC,V6B6H4,Canada,49.284416,-123.113932,V6B
2556 W 20th Ave, Vancouver,BC,V6L1G8,Canada,49.254284,-123.163295,V6L
66 Cordova St W #1108, Vancouver,BC,V6B0L2,Canada,49.282561,-123.106278,V6B
874 W 6th Ave #201, Vancouver,BC,V5Z1A6,Canada,49.265695,-123.123456,V5Z
3126 E 17th Ave, Vancouver,BC,V5M2N7,Canada,49.254518,-123.038276,V5M
1596 W 14th Ave #1B, Vancouver,BC,V6J2H9,Canada,49.258663,-123.140522,V6J
4166 Crown Cres, Vancouver,BC,V6R2A9,Canada,49.2643,-123.198901,V6R
1155 Seymour St PENTHOUSE 2703, Vancouver,BC,V6B1K2,Canada,49.277451,-123.124318,V6B
3538 W 30th Ave, Vancouver,BC,V6S1W5,Canada,49.244942,-123.183169,V6S
2229 Oak St, Vancouver,BC,V6H3W6,Canada,49.265755,-123.127872,V6H
2638 W 22nd Ave, Vancouver,BC,V6L1M2,Canada,49.252494,-123.16415,V6L
1550 Coal Harbour Cay #L302, Vancouver,BC,V6G3G1,Canada,49.291479,-123.128047,V6G
3516 Georgia St E, Vancouver,BC,V5K2L8,Canada,49.278004,-123.027789,V5K
2693 Duke St, Vancouver,BC,V5R4S8,Canada,49.239447,-123.050058,V5R
1987 W 35th Ave, Vancouver,BC,V6M1H8,Canada,49.240294,-123.151083,V6M
1219 E 29th Ave, Vancouver,BC,V5V2T1,Canada,49.24482,-123.079651,V5V
717 Jervis St #3101, Vancouver,BC,V6E4L5,Canada,49.287872,-123.12823,V6E
33 Smithe St #802, Vancouver,BC,V6B0B5,Canada,49.274436,-123.11196,V6B
2636 McGill St, Vancouver,BC,V5K1H3,Canada,49.288372,-123.05073,V5K
1283 Howe St #2009, Vancouver,BC,V6Z0E3,Canada,49.277218,-123.128625,V6Z
1196 W 48th Ave, Vancouver,BC,V6M2N7,Canada,49.227388,-123.133219,V6M
1492 Hornby St, Vancouver,BC,V6Z1X3,Canada,49.275736,-123.131665,V6Z
788 Richards St #1108, Vancouver,BC,V6B0C7,Canada,49.280305,-123.117196,V6B
3221 Grant St, Vancouver,BC,V5K3J1,Canada,49.271608,-123.035912,V5K
1180 Broughton St #1302, Vancouver,BC,V6G2B1,Canada,49.283567,-123.135527,V6G
1210 W 8th Ave #207, Vancouver,BC,V6H3Y9,Canada,49.264145,-123.132201,V6H
1165 Burnaby St #402, Vancouver,BC,V6E1P3,Canada,49.280878,-123.133641,V6E
7638 Cambie St #103, Vancouver,BC,V6P3H7,Canada,49.215572,-123.116344,V6P
250 E 6th Ave #451, Vancouver,BC,V5T0B7,Canada,49.265226,-123.100379,V5T
1408 Robson St #2901, Vancouver,BC,V6G1B9,Canada,49.28808,-123.13083,V6G
128 Cordova St W #706, Vancouver,BC,V6B0E6,Canada,49.282525,-123.107958,V6B
4578 Puget Dr, Vancouver,BC,V6L2V8,Canada,49.246025,-123.164932,V6L
2549 E 16th Ave, Vancouver,BC,V5M2L5,Canada,49.25597,-123.054291,V5M
3661 E 27th Ave, Vancouver,BC,V5R1R3,Canada,49.246432,-123.024918,V5R
161 Georgia St W #110, Vancouver,BC,V6B0K9,Canada,49.278805,-123.111556,V6B
939 Homer St #3401, Vancouver,BC,V6B2W6,Canada,49.278115,-123.119485,V6B
1717 W 13th Ave #115, Vancouver,BC,V6J2H2,Canada,49.260182,-123.144071,V6J
3668 W 28th Ave, Vancouver,BC,V6S1S4,Canada,49.246845,-123.186095,V6S
198 E 44th Ave, Vancouver,BC,V5W1V6,Canada,49.230136,-123.1019,V5W
6384 Windsor St, Vancouver,BC,V5W3J5,Canada,49.226523,-123.084808,V5W
2550 Garden Dr #203, Vancouver,BC,V5N4X6,Canada,49.261596,-123.057753,V5N
55 Cordova St E #315, Vancouver,BC,V6A0A5,Canada,49.282595,-123.102962,V6A
2848 W 17th Ave, Vancouver,BC,V6L1A2,Canada,49.256876,-123.168867,V6L
352 W 62nd Ave, Vancouver,BC,V5X2E3,Canada,49.214071,-123.099064,V5X
2632 Nanaimo St, Vancouver,BC,V5N5E7,Canada,49.260614,-123.056207,V5N
1189 Melville St #2104, Vancouver,BC,V6E4T8,Canada,49.287784,-123.123458,V6E
6010 Granville St, Vancouver,BC,V6M3E1,Canada,49.231439,-123.139215,V6M
477 W 59th Ave #202, Vancouver,BC,V5X1X4,Canada,49.217183,-123.115644,V5X
195 W 12th Ave, Vancouver,BC,V5Y1T6,Canada,49.260583,-123.109316,V5Y
2068 E 49th Ave, Vancouver,BC,V5P1T7,Canada,49.22485,-123.064401,V5P
277 Thurlow St #2601, Vancouver,BC,V6C0C1,Canada,49.288884,-123.11914,V6C
5595 Dumfries St, Vancouver,BC,V5P3A5,Canada,49.233783,-123.074635,V5P
603 E 57th Ave, Vancouver,BC,V5X1T1,Canada,49.218537,-123.092892,V5X
1817 W 15th Ave, Vancouver,BC,V6J2K9,Canada,49.258381,-123.146445,V6J
2025 Stephens St #201, Vancouver,BC,V6K3W2,Canada,49.268069,-123.16671,V6K
2172 Wall St, Vancouver,BC,V5L1B5,Canada,49.287898,-123.060013,V5L
3220 W 4th Ave #303, Vancouver,BC,V6K1R9,Canada,49.268211,-123.176302,V6K
3256 W 21st Ave, Vancouver,BC,V6L1L2,Canada,49.253472,-123.177205,V6L
1958 E 47th Ave #406, Vancouver,BC,V5P3X5,Canada,49.227335,-123.066077,V5P
2556 Hastings St E #L01, Vancouver,BC,V5K1Z3,Canada,49.280884,-123.053231,V5K
2282 E 8th Ave #3, Vancouver,BC,V5N1V5,Canada,49.262927,-123.05849,V5N
7303 Granville St, Vancouver,BC,V6P4Y3,Canada,49.218971,-123.139713,V6P
128 Cordova St W #4004, Vancouver,BC,V6B0E6,Canada,49.282525,-123.107958,V6B
4393 Puget Dr, Vancouver,BC,V6L2V7,Canada,49.246957,-123.167479,V6L
710 Chilco St #303, Vancouver,BC,V6G2P9,Canada,49.293438,-123.137924,V6G
1468 W 14th Ave #703, Vancouver,BC,V6H0A2,Canada,49.258615,-123.137357,V6H
1048 E 7th Ave #3A, Vancouver,BC,V5T1P7,Canada,49.264003,-123.082144,V5T
33 W Pender St #504, Vancouver,BC,V6B0E5,Canada,49.281126,-123.106294,V6B
756 W 22nd Ave, Vancouver,BC,V5Z1Z7,Canada,49.251345,-123.121503,V5Z
4573 Slocan St #201, Vancouver,BC,V5R1Z8,Canada,49.243776,-123.050776,V5R
3982 W 35th Ave, Vancouver,BC,V6N2P2,Canada,49.240226,-123.193184,V6N
1633 W 8th Ave #506, Vancouver,BC,V6J5H7,Canada,49.264789,-123.141695,V6J
239 W 16th Ave, Vancouver,BC,V5Y1Y8,Canada,49.257072,-123.110548,V5Y
1510 W 33rd Ave, Vancouver,BC,V6M1A7,Canada,49.241565,-123.139727,V6M
3018 Knight St, Vancouver,BC,V5N3K4,Canada,49.257463,-123.075921,V5N
730 Hawks Ave, Vancouver,BC,V6A3J3,Canada,49.277678,-123.08707,V6A
638 W 17th Ave, Vancouver,BC,V5Z1T8,Canada,49.255812,-123.118959,V5Z
3491 E Pender St, Vancouver,BC,V5K2C9,Canada,49.280492,-123.028763,V5K
885 Cambie St #2104, Vancouver,BC,V6B0R6,Canada,49.277518,-123.116547,V6B
1502 Island Park Walk #301, Vancouver,BC,V6H3Z8,Canada,49.270581,-123.139126,V6H
1508 W 61st Ave, Vancouver,BC,V5P2J4,Canada,49.214369,-123.075481,V5P
1068 W 15th Ave, Vancouver,BC,V6H1R6,Canada,49.257605,-123.128894,V6H
2618 W 15th Ave, Vancouver,BC,V6K2Z5,Canada,49.258348,-123.165387,V6K
1534 Harwood St #702, Vancouver,BC,V6G1X9,Canada,49.283224,-123.1405,V6G
1369 E 24th Ave, Vancouver,BC,V5V1Z4,Canada,49.249252,-123.07696,V5V
1777 Bayshore Dr #1101, Vancouver,BC,V6G3H2,Canada,49.292959,-123.132023,V6G
4815 Eldorado Mews #2401, Vancouver,BC,V5R0B2,Canada,49.241221,-123.057581,V5R
431 Heatley Ave, Vancouver,BC,V6A3G6,Canada,49.280531,-123.089821,V6A
7418 Paulson St #903, Vancouver,BC,V6P0K2,Canada,49.217659,-123.119322,V6P
49 Cordova St E, Vancouver,BC,V6A1K3,Canada,49.282152,-123.103059,V6A
1450 W 6th Ave #307, Vancouver,BC,V6H4H9,Canada,49.265704,-123.137742,V6H
3707 Hudson St, Vancouver,BC,V6H3A6,Canada,49.252101,-123.134899,V6H
1188 Richards St #402, Vancouver,BC,V6B3E6,Canada,49.27599,-123.123515,V6B
2275 W 40th Ave #204, Vancouver,BC,V6M1W7,Canada,49.235845,-123.159524,V6M
45 W 15th Ave, Vancouver,BC,V5Y1X7,Canada,49.257827,-123.106234,V5Y
1188 Howe St #607, Vancouver,BC,V6Z2S8,Canada,49.278315,-123.12697,V6Z
371 E 16th Ave, Vancouver,BC,V5T2T7,Canada,49.256801,-123.096832,V5T
1501 Atlas Ln, Vancouver,BC,V6P0C9,Canada,49.220484,-123.141817,V6P
1735 W 16th Ave, Vancouver,BC,V6J2L9,Canada,49.25741,-123.144543,V6J
356 W 15th Ave #2, Vancouver,BC,V5Y1Y2,Canada,49.2575,-123.112465,V5Y
8131 Nunavut Ln #2502, Vancouver,BC,V5X0E2,Canada,49.211335,-123.116532,V5X
4615 W 4th Ave, Vancouver,BC,V6R1R6,Canada,49.269314,-123.212434,V6R
1383 W 32nd Ave, Vancouver,BC,V6H2J4,Canada,49.244418,-123.136819,V6H
6511 Chambord Pl #40, Vancouver,BC,V5S4P2,Canada,49.223979,-123.025559,V5S
2550 Garden Dr #302, Vancouver,BC,V5N4X6,Canada,49.261596,-123.057753,V5N
3225 Clark Dr, Vancouver,BC,V5V4Y1,Canada,49.255906,-123.078186,V5V
3835 Selkirk St, Vancouver,BC,V6H2Z1,Canada,49.251221,-123.132307,V6H
1111 Richards St #2705, Vancouver,BC,V6B0S3,Canada,49.277007,-123.123204,V6B
8283 Heather St, Vancouver,BC,V6P6S8,Canada,49.210851,-123.124327,V6P
1375 Graveley St, Vancouver,BC,V5L3A1,Canada,49.270826,-123.075628,V5L
557 Rupert St, Vancouver,BC,V5K4K6,Canada,49.279434,-123.034049,V5K
1239 Georgia St W #2803, Vancouver,BC,V6E4R8,Canada,49.287732,-123.125626,V6E
5755 Angus Dr, Vancouver,BC,V6M3N7,Canada,49.234042,-123.148231,V6M
1419 E 27th Ave, Vancouver,BC,V5N2W6,Canada,49.246654,-123.075422,V5N
2275 E Pender St, Vancouver,BC,V5L1X5,Canada,49.280518,-123.058328,V5L
2888 Cambie St #702, Vancouver,BC,V5Z0H3,Canada,49.259754,-123.114732,V5Z
2277 E 30th Ave #309, Vancouver,BC,V5N5N1,Canada,49.24154,-123.059303,V5N
8488 Cornish St #619, Vancouver,BC,V6P0C2,Canada,49.208889,-123.141934,V6P
4455 W 1st Ave, Vancouver,BC,V6R4H9,Canada,49.272334,-123.207492,V6R
2210 Willow St, Vancouver,BC,V5Z0C8,Canada,49.288756,-123.060169,V5Z
3061 E Kent Ave N #1205, Vancouver,BC,V5S2L7,Canada,49.207247,-123.044585,V5S
1000 Beach Ave #704, Vancouver,BC,V6E4M2,Canada,49.275624,-123.134213,V6E
2190 W 7th Ave #111, Vancouver,BC,V6K4K7,Canada,49.265347,-123.154679,V6K
1283 Howe St #3208, Vancouver,BC,V6Z0E3,Canada,49.277218,-123.128625,V6Z
1499 W Pender St #1303, Vancouver,BC,V6G2S3,Canada,49.289964,-123.128049,V6G
4007 W 19th Ave, Vancouver,BC,V6S1E2,Canada,49.255859,-123.193925,V6S
4907 Walden St, Vancouver,BC,V5W2V6,Canada,49.240342,-123.100534,V5W
3838 W 50th Ave, Vancouver,BC,V6N3V5,Canada,49.226212,-123.189398,V6N
2437 W 1st Ave #1, Vancouver,BC,V6K1G5,Canada,49.271146,-123.160658,V6K
1368 Minto Cres, Vancouver,BC,V6H2J5,Canada,49.242479,-123.136033,V6H
8645 Osler St #301, Vancouver,BC,V6P4E6,Canada,49.207578,-123.1322,V6P
4085 Puget Dr, Vancouver,BC,V6L2V3,Canada,49.250233,-123.171175,V6L
2020 E Kent Ave SE #411, Vancouver,BC,V5P4X2,Canada,49.206558,-123.065143,V5P
1616 W 13th Ave #502, Vancouver,BC,V6J2G6,Canada,49.259605,-123.141727,V6J
499 Broughton St #1703, Vancouver,BC,V6G3K1,Canada,49.29059,-123.127174,V6G
910 Beach Ave #503, Vancouver,BC,V6Z2W7,Canada,49.275321,-123.133399,V6Z
180 E 2nd Ave #1012, Vancouver,BC,V5T1B5,Canada,49.268674,-123.101202,V5T
2671 McBain Ave, Vancouver,BC,V6L2C7,Canada,49.247322,-123.164319,V6L
2658 Morningstar Cres #17, Vancouver,BC,V5S4P4,Canada,49.206541,-123.0541,V5S
1616 Bayshore Dr #202, Vancouver,BC,V6G3L1,Canada,49.291509,-123.13015,V6G
1330 Harwood St #708, Vancouver,BC,V6E1S8,Canada,49.281647,-123.138072,V6E
2509 W 37th Ave, Vancouver,BC,V6N2T2,Canada,49.238678,-123.1629,V6N
1748 E 55th Ave, Vancouver,BC,V5P1Z6,Canada,49.219678,-123.070476,V5P
1283 Howe St #3405, Vancouver,BC,V6Z0E3,Canada,49.277218,-123.128625,V6Z
1461 E 64th Ave, Vancouver,BC,V5P2M4,Canada,49.212239,-123.075886,V5P
1919 E 3rd Ave, Vancouver,BC,V5N1H4,Canada,49.268014,-123.065301,V5N
168 Powell St #302, Vancouver,BC,V6A0B2,Canada,49.282968,-123.100636,V6A
1782 W 6th Ave, Vancouver,BC,V6J0E5,Canada,49.266351,-123.148513,V6J
1330 Graveley St #302, Vancouver,BC,V5L3A2,Canada,49.270304,-123.076584,V5L
289 Drake St #1405, Vancouver,BC,V6B5Z5,Canada,49.273825,-123.123708,V6B
7176 Duff St, Vancouver,BC,V5P4B3,Canada,49.218979,-123.06423,V5P
8006 Chester St, Vancouver,BC,V5X3Y6,Canada,49.212378,-123.089172,V5X
1410 Bute St #500, Vancouver,BC,V6E2A7,Canada,49.279374,-123.136619,V6E
1198 W 55th Ave, Vancouver,BC,V6P7A1,Canada,49.220129,-123.133097,V6P
1189 Howe St #2703, Vancouver,BC,V6Z2X4,Canada,49.278315,-123.12697,V6Z
1289 Hornby St #3610, Vancouver,BC,V6Z2H7,Canada,49.277771,-123.129738,V6Z
4658 Elm St, Vancouver,BC,V6L2L2,Canada,49.244648,-123.164354,V6L
646 Union St, Vancouver,BC,V6A2B9,Canada,49.277229,-123.090532,V6A
2596 W 14th Ave, Vancouver,BC,V6K2W7,Canada,49.259056,-123.164641,V6K
693 Moberly Rd, Vancouver,BC,V5Z4A4,Canada,49.267062,-123.120499,V5Z
6011 Adera St, Vancouver,BC,V6M3J3,Canada,49.231498,-123.143836,V6M
455 SW Marine Dr #1005, Vancouver,BC,V5X2S9,Canada,49.211163,-123.115988,V5X
1328 W 73rd Ave #8, Vancouver,BC,V6P3E7,Canada,49.204077,-123.135596,V6P
2528 Maple St #407, Vancouver,BC,V6J0B5,Canada,49.263465,-123.149961,V6J
2721 W 24th Ave, Vancouver,BC,V6L1R2,Canada,49.251219,-123.1659,V6L
5912 Churchill St, Vancouver,BC,V6M3H5,Canada,49.232287,-123.141009,V6M
1430 E 8th Ave, Vancouver,BC,V5N1T4,Canada,49.263092,-123.074519,V5N
2033 W 7th Ave #306, Vancouver,BC,V6J1T3,Canada,49.265839,-123.151582,V6J
1824 W 12th Ave, Vancouver,BC,V6J2E2,Canada,49.260618,-123.146536,V6J
1199 Marinaside Cres #3203, Vancouver,BC,V6Z2Y2,Canada,49.273129,-123.120638,V6Z
2268 W 12th Ave #102, Vancouver,BC,V6K2N5,Canada,49.260777,-123.156593,V6K
1487 Homer St, Vancouver,BC,V6Z3C8,Canada,49.272027,-123.126813,V6Z
4559 Beatrice St #1, Vancouver,BC,V5N4J1,Canada,49.243873,-123.066976,V5N
3108 W 31st Ave, Vancouver,BC,V6L2A6,Canada,49.243946,-123.174462,V6L
131 King Edward Ave E #1, Vancouver,BC,V5Y2H8,Canada,49.249221,-123.108316,V5Y
689 Abbott St #3703, Vancouver,BC,V6B0J2,Canada,49.278704,-123.106873,V6B
39 W 12th Ave, Vancouver,BC,V5Y1T4,Canada,49.260551,-123.105971,V5Y
3589 W 35th Ave, Vancouver,BC,V6N2N4,Canada,49.240627,-123.184898,V6N
63 W 13th Ave, Vancouver,BC,V5Y1V5,Canada,49.25965,-123.106526,V5Y
1600 Hornby St #203, Vancouver,BC,V6Z2S4,Canada,49.273984,-123.134119,V6Z
4006 W 34th Ave, Vancouver,BC,V6N2L7,Canada,49.241167,-123.193962,V6N
168 Powell St #501, Vancouver,BC,V6A0B2,Canada,49.282968,-123.100636,V6A
6076 Tisdall St #605, Vancouver,BC,V5Z3N2,Canada,49.230352,-123.121141,V5Z
1330 Burrard St #217, Vancouver,BC,V6Z2B8,Canada,49.277302,-123.13129,V6Z
1182 Quebec St #11, Vancouver,BC,V6A4B2,Canada,49.27411,-123.101233,V6A
4528 Langara Ave, Vancouver,BC,V6R1C8,Canada,49.272679,-123.209639,V6R
4333 Locarno Cres, Vancouver,BC,V6R1G2,Canada,49.269209,-123.20402,V6R
142 E 27th Ave, Vancouver,BC,V5V2K4,Canada,49.247028,-123.102357,V5V
1386 Nicola St #24, Vancouver,BC,V6G2G2,Canada,49.282452,-123.140146,V6G
601 Jervis St, Vancouver,BC,V6E3M5,Canada,49.288547,-123.125844,V6E
833 Seymour St #607, Vancouver,BC,V6B0G4,Canada,49.280497,-123.119756,V6B
3161 W 4th Ave #205, Vancouver,BC,V6K1R6,Canada,49.268705,-123.174915,V6K
1959 W 15th Ave, Vancouver,BC,V6J2L2,Canada,49.25788,-123.149851,V6J
185 W 45th Ave, Vancouver,BC,V5Y2W2,Canada,49.229855,-123.110477,V5Y
1775 Quebec St #607, Vancouver,BC,V5T0E3,Canada,49.269514,-123.103314,V5T
5288 Melbourne St #1205, Vancouver,BC,V5R6E6,Canada,49.234589,-123.028988,V5R
1480 Howe St #5601, Vancouver,BC,V6Z0G5,Canada,49.274891,-123.131173,V6Z
2645 W 6th Ave, Vancouver,BC,V6K1W6,Canada,49.266824,-123.16538,V6K
1372 Seymour St #4102, Vancouver,BC,V6B0L1,Canada,49.27459,-123.127563,V6B
988 W 54th Ave #203, Vancouver,BC,V6P1M9,Canada,49.221676,-123.137879,V6P
5665 Boundary Rd #2807, Vancouver,BC,V5R0E4,Canada,49.233386,-123.024471,V5R
5650 Oak St #208, Vancouver,BC,V6M2V6,Canada,49.234715,-123.127612,V6M
1288 Georgia St W PENTHOUSE 5, Vancouver,BC,V6E4R3,Canada,49.288097,-123.126151,V6E
4309 Locarno Cres, Vancouver,BC,V6R1G2,Canada,49.269064,-123.203404,V6R
1283 Howe St #2504, Vancouver,BC,V6Z0E3,Canada,49.277218,-123.128625,V6Z
4569 W 2nd Ave, Vancouver,BC,V6R1K7,Canada,49.271603,-123.210982,V6R
2741 Hastings St E #200, Vancouver,BC,V5K1Z8,Canada,49.281423,-123.048362,V5K
1080 Wolfe Ave, Vancouver,BC,V6H1V8,Canada,49.254646,-123.129873,V6H
1500 Hornby St #1805, Vancouver,BC,V6Z2R1,Canada,49.275736,-123.131665,V6Z
51 E 27th Ave, Vancouver,BC,V5V2K2,Canada,49.247524,-123.104159,V5V
830 E 7th Ave #211, Vancouver,BC,V5T4J2,Canada,49.26404,-123.086412,V5T
311 E 6th Ave #405, Vancouver,BC,V5T0G9,Canada,49.265607,-123.098523,V5T
750 W 6th Ave, Vancouver,BC,V5Z0C8,Canada,49.265658,-123.121194,V5Z
2925 McGill St, Vancouver,BC,V5K1H8,Canada,49.289001,-123.04321,V5K
40 E 46th Ave #1, Vancouver,BC,V5W1Z1,Canada,49.228272,-123.104959,V5W
1726 W 32nd Ave, Vancouver,BC,V6J3A7,Canada,49.243344,-123.144295,V6J
2032 E 22nd Ave, Vancouver,BC,V5N2R4,Canada,49.250008,-123.06413,V5N
3885 W 35th Ave, Vancouver,BC,V6N2N8,Canada,49.240751,-123.190514,V6N
3138 Riverwalk Ave #312, Vancouver,BC,V5S0B6,Canada,49.205651,-123.040863,V5S
1907 E 38th Ave, Vancouver,BC,V5P1G6,Canada,49.235477,-123.067132,V5P
1502 Island Park Walk #107, Vancouver,BC,V6H3Z8,Canada,49.270581,-123.139126,V6H
964 W 15th Ave, Vancouver,BC,V5Z1R9,Canada,49.25762,-123.126543,V5Z
4638 Gladstone St #1510, Vancouver,BC,V5N4Y8,Canada,49.242466,-123.062508,V5N
2335 W 18th Ave, Vancouver,BC,V6L1A7,Canada,49.256582,-123.158831,V6L
3888 W 13th Ave, Vancouver,BC,V6R2S8,Canada,49.260558,-123.190619,V6R
1362 E 60th Ave, Vancouver,BC,V5X2A9,Canada,49.215236,-123.078257,V5X
6011 Macdonald St, Vancouver,BC,V6N1E5,Canada,49.231692,-123.167833,V6N
2033 W 7th Ave #305, Vancouver,BC,V6J1T3,Canada,49.265839,-123.151582,V6J
2838 Birch St #3, Vancouver,BC,V6H2T6,Canada,49.260004,-123.133506,V6H
7123 Selkirk St, Vancouver,BC,V6P6J4,Canada,49.221187,-123.133918,V6P
939 W 7th Ave #26, Vancouver,BC,V5Z1C4,Canada,49.265369,-123.125488,V5Z
1211 Melville St #2404, Vancouver,BC,V6E0A7,Canada,49.288385,-123.124397,V6E
8410 Cornerstone St, Vancouver,BC,V5S4S1,Canada,49.207854,-123.033394,V5S
1375 King Edward Ave W, Vancouver,BC,V6H2A1,Canada,49.249817,-123.135915,V6H
2311 W 8th Ave, Vancouver,BC,V6K2A8,Canada,49.265068,-123.158095,V6K
1199 Marinaside Cres UNIT 3002, Vancouver,BC,V6Z2Y2,Canada,49.273129,-123.120638,V6Z
3998 Granville St, Vancouver,BC,V6H3L2,Canada,49.250458,-123.13867,V6H
667 Howe St #4601, Vancouver,BC,V6C0B5,Canada,49.283705,-123.119032,V6C
1591 Nanton Ave, Vancouver,BC,V6J2X3,Canada,49.247697,-123.141284,V6J
2209 Alder St, Vancouver,BC,V6H2R8,Canada,49.265802,-123.131605,V6H
1177 Hornby St #203, Vancouver,BC,V6Z2E9,Canada,49.278837,-123.128065,V6Z
2843 W 44th Ave, Vancouver,BC,V6N3K1,Canada,49.232135,-123.168845,V6N
445 W 2nd Ave #TOWNHOUSE 101, Vancouver,BC,V5Y0E8,Canada,49.266828,-123.113794,V5Y
1408 Robson St #1006, Vancouver,BC,V6G1B9,Canada,49.28808,-123.13083,V6G
557 E 20th Ave, Vancouver,BC,V5V1M7,Canada,49.253106,-123.092568,V5V
822 Homer St #1303, Vancouver,BC,V6B6M3,Canada,49.279045,-123.116954,V6B
1717 Haro St #401, Vancouver,BC,V6G1H1,Canada,49.290223,-123.135177,V6G
583 Beach Cres #1003, Vancouver,BC,V6Z3E6,Canada,49.273589,-123.129221,V6Z
3814 W 15th Ave, Vancouver,BC,V6R2Z9,Canada,49.258712,-123.1885,V6R
1191 W 40th Ave, Vancouver,BC,V6M1V1,Canada,49.23528,-123.132242,V6M
1331 Alberni St #2701, Vancouver,BC,V6E4S1,Canada,49.288352,-123.127898,V6E
455 Beach Cres #1102, Vancouver,BC,V6Z3E5,Canada,49.272668,-123.127769,V6Z
6210 Larch St, Vancouver,BC,V6M4C6,Canada,49.230031,-123.16252,V6M
1050 Chilco St #503, Vancouver,BC,V6G2R8,Canada,49.290238,-123.142748,V6G
1234 Pendrell St #102, Vancouver,BC,V6E1L6,Canada,49.282739,-123.133262,V6E
1965 E 37th Ave, Vancouver,BC,V5P1E9,Canada,49.236934,-123.066233,V5P
3615 Georgia St E, Vancouver,BC,V5K2M2,Canada,49.278475,-123.0253,V5K
2715 E Pender St #2, Vancouver,BC,V5K2B9,Canada,49.280519,-123.048778,V5K
688 Fairchild Rd #204, Vancouver,BC,V5Z4P7,Canada,49.230828,-123.120572,V5Z
1131 Homer St, Vancouver,BC,V6B0B1,Canada,49.276189,-123.12245,V6B
46 King Edward Ave W, Vancouver,BC,V5Y2H7,Canada,49.24855,-123.106148,V5Y
928 Richards St #2002, Vancouver,BC,V6B6P6,Canada,49.278357,-123.119901,V6B
550 Taylor St UNIT 1610, Vancouver,BC,V6B1R1,Canada,49.279776,-123.10558,V6B
1159 Main St #805, Vancouver,BC,V6A4B6,Canada,49.274261,-123.100494,V6A
871 W 33rd Ave, Vancouver,BC,V5V3A4,Canada,49.241609,-123.124533,V5V
1255 Seymour St PENTHOUSE 3401, Vancouver,BC,V6B0H1,Canada,49.276039,-123.126471,V6B
1837 Matthews Ave, Vancouver,BC,V6J2T4,Canada,49.251583,-123.146601,V6J
4078 Knight St #523, Vancouver,BC,V5N5Y9,Canada,49.248893,-123.075391,V5N
1238 W 45th Ave, Vancouver,BC,V6M2G7,Canada,49.230128,-123.133482,V6M
2411 Heather St #1801, Vancouver,BC,V5Z0B7,Canada,49.264583,-123.120097,V5Z
2119 E 29th Ave #1, Vancouver,BC,V5N2Z2,Canada,49.245166,-123.062331,V5N
4652 Victoria Dr, Vancouver,BC,V5N4N9,Canada,49.243247,-123.064884,V5N
2055 Pendrell St #1605, Vancouver,BC,V6G1T9,Canada,49.290618,-123.144258,V6G
16 Lakewood Dr #305, Vancouver,BC,V5L4L1,Canada,49.284536,-123.061412,V5L
3806 W 3rd Ave, Vancouver,BC,V6R1M4,Canada,49.269297,-123.187861,V6R
1136 E 10th Ave, Vancouver,BC,V5T2B7,Canada,49.261189,-123.08052,V5T
1417 E 27th Ave, Vancouver,BC,V5N2W5,Canada,49.246662,-123.075282,V5N
1637 Angus Dr, Vancouver,BC,V6J4H2,Canada,49.254735,-123.14173,V6J
4769 Belmont Ave, Vancouver,BC,V6T1A8,Canada,49.275514,-123.217758,V6T
5584 Mackenzie St, Vancouver,BC,V6N1H2,Canada,49.235982,-123.169781,V6N
3402 Osler St, Vancouver,BC,V6H2W3,Canada,49.255587,-123.131849,V6H
3852 W 50th Ave, Vancouver,BC,V6N3V5,Canada,49.226214,-123.189675,V6N
1307 W 41st Ave, Vancouver,BC,V6M1X4,Canada,49.234482,-123.135094,V6M
4575 Alexandra St, Vancouver,BC,V6J4C9,Canada,49.244421,-123.141555,V6J
2112 Prince Edward St, Vancouver,BC,V5T3M3,Canada,49.265872,-123.095414,V5T
1981 W 19th Ave, Vancouver,BC,V6J2P2,Canada,49.254698,-123.150072,V6J
1238 Seymour St #1401, Vancouver,BC,V6B6J3,Canada,49.275778,-123.125761,V6B
2239 Saint Catherines St #301, Vancouver,BC,V5T4M9,Canada,49.264578,-123.085505,V5T
4417 W 16th Ave, Vancouver,BC,V6R3E7,Canada,49.258606,-123.206867,V6R
1200 Alberni St #2903, Vancouver,BC,V6E1A6,Canada,49.28687,-123.12674,V6E
5288 Melbourne St #1905, Vancouver,BC,V5R6E6,Canada,49.234589,-123.028988,V5R
6836 Arbutus St, Vancouver,BC,V6P5S7,Canada,49.22343,-123.154671,V6P
2047 Mannering Ave, Vancouver,BC,V5N3C2,Canada,49.240907,-123.064039,V5N
1335 Howe St #1504, Vancouver,BC,V6Z0H1,Canada,49.276569,-123.129609,V6Z
6076 Angus Dr, Vancouver,BC,V6M3P1,Canada,49.231128,-123.147432,V6M
889 Pacific St #1606, Vancouver,BC,V6Z2P5,Canada,49.27632,-123.13079,V6Z
2243 Oak St, Vancouver,BC,V6H3W6,Canada,49.265755,-123.127872,V6H
5380 Oben St #1609, Vancouver,BC,V5R6H7,Canada,49.235142,-123.026165,V5R
1691 W 41st Ave, Vancouver,BC,V6M1X9,Canada,49.234766,-123.144399,V6M
939 Homer St #1907, Vancouver,BC,V6B2W6,Canada,49.278115,-123.119485,V6B
2851 Heather St #604, Vancouver,BC,V5Z0A2,Canada,49.260073,-123.120956,V5Z
4863 Rupert St, Vancouver,BC,V5R2J6,Canada,49.240586,-123.038292,V5R
1396 Burnaby St #201, Vancouver,BC,V6E1P9,Canada,49.282669,-123.137432,V6E
760 Kingsway #208, Vancouver,BC,V5V3C1,Canada,49.255851,-123.088796,V5V
260 W 63rd Ave, Vancouver,BC,V5X2H8,Canada,49.213139,-123.111568,V5X
6299 Angus Dr, Vancouver,BC,V6M3P2,Canada,49.229058,-123.148374,V6M
830 E 7th Ave #111, Vancouver,BC,V5T4J2,Canada,49.26404,-123.086412,V5T
6388 Wiltshire St, Vancouver,BC,V6M3M4,Canada,49.228099,-123.146082,V6M
1178 Laurier Ave, Vancouver,BC,V6H1Y5,Canada,49.250332,-123.130784,V6H
3166 E 5th Ave, Vancouver,BC,V5M1P1,Canada,49.265378,-123.037434,V5M
4687 W 15th Ave, Vancouver,BC,V6R3B5,Canada,49.259633,-123.214851,V6R
3088 Laurel St, Vancouver,BC,V5Z3T5,Canada,49.258406,-123.124134,V5Z
5884 Ormidale St, Vancouver,BC,V5R4R3,Canada,49.230522,-123.024647,V5R
1355 Harwood St #203, Vancouver,BC,V6E3W3,Canada,49.282084,-123.137655,V6E
288 E 59th Ave, Vancouver,BC,V5X1X9,Canada,49.216461,-123.100018,V5X
2891 E 19th Ave, Vancouver,BC,V5M2R9,Canada,49.25343,-123.045223,V5M
5723 Balsam St PENTHOUSE 1, Vancouver,BC,V6M4B8,Canada,49.234394,-123.16177,V6M
938 Smithe St #1515, Vancouver,BC,V6Z3H8,Canada,49.283215,-123.125593,V6Z
88 W 1st Ave #602, Vancouver,BC,V5Y0K2,Canada,49.270596,-123.106408,V5Y
2415 W 6th Ave, Vancouver,BC,V6K1W2,Canada,49.266274,-123.16041,V6K
3133 Riverwalk Ave #318, Vancouver,BC,V5S0A7,Canada,49.206257,-123.040733,V5S
938 Beatty St, Vancouver,BC,V6Z3G6,Canada,49.276389,-123.116312,V6Z
1917 E 22nd Ave, Vancouver,BC,V5N2R2,Canada,49.250552,-123.066455,V5N
1333 Hornby St #601, Vancouver,BC,V6Z2C1,Canada,49.277062,-123.130919,V6Z
3429 W 42nd Ave, Vancouver,BC,V6N3H3,Canada,49.234078,-123.18096,V6N
1902 Blenheim St, Vancouver,BC,V6K4H9,Canada,49.269223,-123.177348,V6K
3579 W 50th Ave, Vancouver,BC,V6N3V3,Canada,49.226887,-123.184548,V6N
E 35th Ave #1391, Vancouver,BC,V5W1A6,Canada,49.238207,-123.081391,V5W
1226 W 26th Ave, Vancouver,BC,V6H2A9,Canada,49.247972,-123.132751,V6H
1568 Alberni St #PENTHOUSE 1, Vancouver,BC,V6G1A5,Canada,49.289738,-123.131183,V6G
2731 Sophia St, Vancouver,BC,V5T3L1,Canada,49.260314,-123.097529,V5T
1718 W 61st Ave, Vancouver,BC,V6P2C3,Canada,49.215709,-123.146443,V6P
667 Howe St #4801, Vancouver,BC,V6C0B5,Canada,49.283705,-123.119032,V6C
1564 W 26th Ave, Vancouver,BC,V6J2W9,Canada,49.248098,-123.140657,V6J
1615 Frances St #201, Vancouver,BC,V5L1Z3,Canada,49.27965,-123.071845,V5L
4677 Simpson Ave, Vancouver,BC,V6R1C2,Canada,49.274643,-123.214067,V6R
5961 Churchill St, Vancouver,BC,V6M3H4,Canada,49.23189,-123.142042,V6M
6615 Balsam St, Vancouver,BC,V6P5W8,Canada,49.226012,-123.161976,V6P
6188 Adera St, Vancouver,BC,V6M3J6,Canada,49.229828,-123.142947,V6M
2537 Trinity St, Vancouver,BC,V5K1E3,Canada,49.289998,-123.053696,V5K
3592 Turner St, Vancouver,BC,V5K2H9,Canada,49.278829,-123.026117,V5K
3449 W 7th Ave, Vancouver,BC,V6R1W2,Canada,49.265744,-123.180899,V6R
4938 Arbutus St, Vancouver,BC,V6M3W1,Canada,49.241702,-123.153154,V6M
3199 Saint George St, Vancouver,BC,V5T3R9,Canada,49.256755,-123.094078,V5T
811 Helmcken St #1702, Vancouver,BC,V6Z1B1,Canada,49.279247,-123.125531,V6Z
3438 Sawmill Cres #319, Vancouver,BC,V5S0E3,Canada,49.205784,-123.032766,V5S
1012 Beach Ave #402, Vancouver,BC,V6E1T7,Canada,49.277405,-123.134727,V6E
3731 W 6th Ave #106, Vancouver,BC,V6R1T8,Canada,49.26716,-123.18637,V6R
3746 Inverness St, Vancouver,BC,V5V4V9,Canada,49.251179,-123.079646,V5V
5189 Connaught Dr, Vancouver,BC,V6M3G2,Canada,49.239228,-123.143001,V6M
2248 E 3rd Ave, Vancouver,BC,V5N1J1,Canada,49.267491,-123.058959,V5N
5266 Fraser St, Vancouver,BC,V5W2Y9,Canada,49.237262,-123.090078,V5W
5555 Victoria Dr #225, Vancouver,BC,V5P4Y3,Canada,49.234005,-123.065906,V5P
2783 W 8th Ave, Vancouver,BC,V6K2B7,Canada,49.265184,-123.168051,V6K
1625 E 8th Ave, Vancouver,BC,V5N1T6,Canada,49.263461,-123.07134,V5N
1332 W 47th Ave, Vancouver,BC,V6M2L8,Canada,49.228392,-123.135827,V6M
2828 Wall St, Vancouver,BC,V5K1B2,Canada,49.291182,-123.045857,V5K
2433 Broadway W, Vancouver,BC,V6K2E8,Canada,49.26424,-123.160905,V6K
1130 Ironwork Pass, Vancouver,BC,V6H3P1,Canada,49.268132,-123.128577,V6H
1251 Cardero St #1102, Vancouver,BC,V6G2H9,Canada,49.284994,-123.139881,V6G
4465 Skeena St, Vancouver,BC,V5R2L8,Canada,49.244847,-123.028936,V5R
548 Georgia St E #2, Vancouver,BC,V6A1Z9,Canada,49.278177,-123.092362,V6A
3418 Adanac St #11, Vancouver,BC,V5K5H5,Canada,49.2768,-123.030082,V5K
1559 E 41st Ave, Vancouver,BC,V5P1K3,Canada,49.232936,-123.073512,V5P
1166 E 11th Ave #1, Vancouver,BC,V5T2G3,Canada,49.260284,-123.079823,V5T
2238 Eton St PENTHOUSE 6, Vancouver,BC,V5L1C8,Canada,49.287252,-123.05848,V5L
688 W 29th Ave, Vancouver,BC,V5Z2H9,Canada,49.244967,-123.120027,V5Z
3132 W 7th Ave, Vancouver,BC,V6K2A1,Canada,49.265614,-123.174671,V6K
3850 Point Grey Rd, Vancouver,BC,V6R1B4,Canada,49.271533,-123.188906,V6R
2707 E 26th Ave, Vancouver,BC,V5R1M1,Canada,49.247327,-123.048814,V5R
2121 W 6th Ave #215, Vancouver,BC,V6K1V5,Canada,49.266657,-123.153534,V6K
233 Abbott St #306, Vancouver,BC,V6B2K7,Canada,49.283322,-123.106927,V6B
762 E Pender St, Vancouver,BC,V6A1V7,Canada,49.279895,-123.088165,V6A
5187 Culloden St, Vancouver,BC,V5W3R5,Canada,49.237759,-123.079439,V5W
1119 Pendrell St, Vancouver,BC,V6E1L3,Canada,49.281546,-123.130237,V6E
3522 SW Marine Dr, Vancouver,BC,V6N3Z2,Canada,49.229891,-123.182894,V6N
1460 Bute St #201, Vancouver,BC,V6E2A7,Canada,49.279255,-123.136797,V6E
1937 Creelman Ave, Vancouver,BC,V6J1B8,Canada,49.274723,-123.148637,V6J
501 Pacific St #203, Vancouver,BC,V6Z2X6,Canada,49.274344,-123.12714,V6Z
1133 Keefer St, Vancouver,BC,V6A1Z2,Canada,49.279386,-123.080493,V6A
1790 Angus Dr, Vancouver,BC,V6J4H5,Canada,49.252859,-123.14417,V6J
3186 Grant St, Vancouver,BC,V5K3H9,Canada,49.271081,-123.036832,V5K
2550 Garden Dr #111, Vancouver,BC,V5N4X6,Canada,49.261596,-123.057753,V5N
2551 Triumph St, Vancouver,BC,V5K1S7,Canada,49.284141,-123.053337,V5K
1533 Balfour Ave, Vancouver,BC,V6J2V1,Canada,49.252171,-123.139996,V6J
4215 W 13th Ave #1, Vancouver,BC,V6R2T7,Canada,49.261211,-123.200574,V6R
2450 Cornwall Ave #205, Vancouver,BC,V6K1B8,Canada,49.272411,-123.161207,V6K
5189 Gaston St #1303, Vancouver,BC,V5R6C7,Canada,49.236997,-123.030296,V5R
548 Georgia St E #1, Vancouver,BC,V6A1Z9,Canada,49.278177,-123.092362,V6A
156 W 62nd Ave, Vancouver,BC,V5X2E1,Canada,49.213981,-123.109152,V5X
464 E 12th Ave, Vancouver,BC,V5T2H4,Canada,49.25948,-123.093791,V5T
2250 W 43rd Ave #203, Vancouver,BC,V6M2E3,Canada,49.232514,-123.159518,V6M
2250 SE Marine Dr #202, Vancouver,BC,V5P2S2,Canada,49.20747,-123.060625,V5P
3368 Main St #203, Vancouver,BC,V5V3M7,Canada,49.255195,-123.100884,V5V
1236 Bidwell St #1601, Vancouver,BC,V6G2K9,Canada,49.285534,-123.140717,V6G
1568 Alberni St #2903, Vancouver,BC,V6G1A5,Canada,49.289738,-123.131183,V6G
1557 Mariner Walk, Vancouver,BC,V6J4X9,Canada,49.27023,-123.139812,V6J
4755 Belmont Ave, Vancouver,BC,V6T1A8,Canada,49.275397,-123.217159,V6T
428 E 24th Ave, Vancouver,BC,V5V2A1,Canada,49.249087,-123.096034,V5V
308 Jervis Mews, Vancouver,BC,V6C3S6,Canada,49.289549,-123.123764,V6C
1425 Lameys Mill Rd #33, Vancouver,BC,V6H3W2,Canada,49.268443,-123.135844,V6H
2641 Charles St, Vancouver,BC,V5K3A4,Canada,49.273541,-123.051021,V5K
4078 Columbia St #6, Vancouver,BC,V5Y0B6,Canada,49.24926,-123.10968,V5Y
812 E 51st Ave, Vancouver,BC,V5X1E5,Canada,49.223276,-123.087828,V5X
930 Cambie St #1205, Vancouver,BC,V6B5X6,Canada,49.276672,-123.116591,V6B
2293 E 37th Ave, Vancouver,BC,V5P1G4,Canada,49.23706,-123.059199,V5P
528 E 12th Ave, Vancouver,BC,V5T2H5,Canada,49.259483,-123.092331,V5T
4570 W 4th Ave, Vancouver,BC,V6R1R3,Canada,49.268778,-123.210964,V6R
4341 Elgin St, Vancouver,BC,V5V4R5,Canada,49.246121,-123.083083,V5V
3853 King Edward Ave W, Vancouver,BC,V6S1M9,Canada,49.250415,-123.18972,V6S
907 Beach Ave #505, Vancouver,BC,V6Z2R3,Canada,49.275321,-123.133399,V6Z
250 E 54th Ave, Vancouver,BC,V5X1K9,Canada,49.220757,-123.100626,V5X
1152 Georgia St E, Vancouver,BC,V6A2A8,Canada,49.277968,-123.08008,V6A
1735 Victoria Dr, Vancouver,BC,V5N4J9,Canada,49.268977,-123.066178,V5N
548 E 16th Ave, Vancouver,BC,V5T2V2,Canada,49.256211,-123.092771,V5T
1275 Hamilton St #213, Vancouver,BC,V6B1E2,Canada,49.274135,-123.123556,V6B
2403 Cambridge St, Vancouver,BC,V5K1L1,Canada,49.287022,-123.05607,V5K
3649 Prince Albert St, Vancouver,BC,V5V4H9,Canada,49.252,-123.087998,V5V
1159 Main St #502, Vancouver,BC,V6A4B6,Canada,49.274261,-123.100494,V6A
4560 Belmont Ave, Vancouver,BC,V6R1C4,Canada,49.273478,-123.210627,V6R
110 Prior St, Vancouver,BC,V6A0A6,Canada,49.276483,-123.098475,V6A
4190 W 11th Ave, Vancouver,BC,V6R2L6,Canada,49.262489,-123.199551,V6R
1620 E 47th Ave, Vancouver,BC,V5P1P5,Canada,49.226995,-123.0735,V5P
3689 Borham Cres, Vancouver,BC,V5S3X2,Canada,49.216123,-123.024749,V5S
850 E 38th Ave, Vancouver,BC,V5W1J3,Canada,49.235374,-123.087213,V5W
1919 Beach Ave #1600, Vancouver,BC,V6G1Z2,Canada,49.288974,-123.142904,V6G
3518 King Edward Ave W, Vancouver,BC,V6S1M5,Canada,49.249672,-123.182512,V6S
3232 Columbia St, Vancouver,BC,V5Y0B6,Canada,49.256458,-123.109996,V5Y
3628 W 5th Ave, Vancouver,BC,V6R1S2,Canada,49.26745,-123.184331,V6R
433 SW Marine Dr #501, Vancouver,BC,V5X2P9,Canada,49.211409,-123.096518,V5X
690 W 6th Ave, Vancouver,BC,V5Z1A3,Canada,49.265627,-123.120135,V5Z
2316 Prince Albert St, Vancouver,BC,V5T3W5,Canada,49.264002,-123.086872,V5T
2729 Ward St, Vancouver,BC,V5R4S6,Canada,49.23942,-123.049016,V5R
1055 W 57th Ave, Vancouver,BC,V6P1S6,Canada,49.219579,-123.130073,V6P
1274 Barclay St #107, Vancouver,BC,V6E1H3,Canada,49.285107,-123.130595,V6E
4627 W 15th Ave, Vancouver,BC,V6R3B5,Canada,49.259608,-123.21319,V6R
888 E 12th Ave, Vancouver,BC,V5T2J2,Canada,49.25942,-123.085662,V5T
1003 Burnaby St #1005, Vancouver,BC,V6E4R7,Canada,49.278791,-123.130299,V6E
1487 Minto Cres, Vancouver,BC,V6H2J6,Canada,49.24305,-123.138757,V6H
1625 Hornby St #1202, Vancouver,BC,V6Z2M2,Canada,49.27511,-123.133774,V6Z
1290 E 48th Ave, Vancouver,BC,V5W2E7,Canada,49.225929,-123.080296,V5W
1315 Cardero St #604, Vancouver,BC,V6G2J2,Canada,49.284113,-123.140719,V6G
5808 Crown St, Vancouver,BC,V6N2B7,Canada,49.233799,-123.193358,V6N
2095 Beach Ave #503, Vancouver,BC,V6G1Z3,Canada,49.290514,-123.145319,V6G
6038 Marguerite St, Vancouver,BC,V6M3L1,Canada,49.231293,-123.14444,V6M
1238 Melville St #2601, Vancouver,BC,V6E4N2,Canada,49.288222,-123.125361,V6E
4650 NW Marine Dr, Vancouver,BC,V6R1B9,Canada,49.275009,-123.213294,V6R
758 E 60th Ave #1, Vancouver,BC,V5X2A4,Canada,49.21538,-123.089055,V5X
1199 Marinaside Cres, Vancouver,BC,V6Z2Y2,Canada,49.273129,-123.120638,V6Z
1789 E 63rd Ave, Vancouver,BC,V5P2L9,Canada,49.213103,-123.069362,V5P
3641 W 29th Ave #201, Vancouver,BC,V6S1T5,Canada,49.24639,-123.185903,V6S
6975 Prescott St, Vancouver,BC,V6N1N2,Canada,49.222857,-123.17812,V6N
5212 Maple St, Vancouver,BC,V6M3T5,Canada,49.238864,-123.151651,V6M
1425 E 27th Ave, Vancouver,BC,V5N2W5,Canada,49.246091,-123.075387,V5N
1861 Beach Ave #5, Vancouver,BC,V6G1Z1,Canada,49.288355,-123.142148,V6G
3256 Georgia St E, Vancouver,BC,V5K2L3,Canada,49.278011,-123.034836,V5K
1445 Marpole Ave #508, Vancouver,BC,V6H1S5,Canada,49.257539,-123.138386,V6H
688 W 6th Ave, Vancouver,BC,V5Z1A3,Canada,49.265627,-123.120135,V5Z
1728 Cypress St, Vancouver,BC,V6J4W2,Canada,49.270202,-123.148145,V6J
1511 Barclay St, Vancouver,BC,V6G1J8,Canada,49.287638,-123.133308,V6G
2959 W 16th Ave, Vancouver,BC,V6K3C7,Canada,49.258061,-123.171668,V6K
1133 Cypress St, Vancouver,BC,V6J3K8,Canada,49.275969,-123.147889,V6J
1603 Matthews Ave, Vancouver,BC,V6J2T1,Canada,49.253184,-123.141679,V6J
1349 E 14th Ave, Vancouver,BC,V5N2C7,Canada,49.258053,-123.076418,V5N
4390 Kaslo St, Vancouver,BC,V5R2B7,Canada,49.245353,-123.046751,V5R
3941 W 33rd Ave, Vancouver,BC,V6N2H7,Canada,49.242655,-123.19211,V6N
4655 Rupert St, Vancouver,BC,V5R2J4,Canada,49.243016,-123.035931,V5R
1790 Bayshore Dr PENTHOUSE 3, Vancouver,BC,V6G3G5,Canada,49.292365,-123.132616,V6G
830 E 14th Ave, Vancouver,BC,V5T2N6,Canada,49.25763,-123.086523,V5T
2232 Renfrew St #1, Vancouver,BC,V5M3J7,Canada,49.264445,-123.043814,V5M
1350 W 32nd Ave, Vancouver,BC,V6H2J3,Canada,49.243717,-123.136418,V6H
827 E 16th Ave, Vancouver,BC,V5T2V7,Canada,49.256569,-123.086848,V5T
2408 W 22nd Ave, Vancouver,BC,V6L1L9,Canada,49.25243,-123.160486,V6L
3428 Adanac St #13, Vancouver,BC,V5K5H5,Canada,49.2768,-123.030082,V5K
3557 Marshall St, Vancouver,BC,V5N4S2,Canada,49.252214,-123.063015,V5N
1296 W 6th Ave, Vancouver,BC,V6H1A5,Canada,49.265875,-123.133367,V6H
3337 Quesnel Dr, Vancouver,BC,V6S1Z7,Canada,49.256448,-123.179346,V6S
5189 Cambie St #501, Vancouver,BC,V5Z0J4,Canada,49.237902,-123.116631,V5Z
1712 E 34th Ave, Vancouver,BC,V5P1A3,Canada,49.239055,-123.070827,V5P
950 Cambie St #2104, Vancouver,BC,V6B5X5,Canada,49.27625,-123.117257,V6B
2658 Waterloo St, Vancouver,BC,V6R3H7,Canada,49.262836,-123.179458,V6R
4955 Somerville St, Vancouver,BC,V5W3H1,Canada,49.239699,-123.086055,V5W
233 Robson St #603, Vancouver,BC,V6B0E8,Canada,49.278324,-123.114214,V6B
5350 Balsam St #503, Vancouver,BC,V6M4B4,Canada,49.237701,-123.160889,V6M
950 Bidwell St PENTHOUSE 2, Vancouver,BC,V6G2J9,Canada,49.288731,-123.136078,V6G
2817 Clark Dr #201, Vancouver,BC,V5N3H7,Canada,49.259353,-123.077979,V5N
3204 Coleridge Ave, Vancouver,BC,V5S3A5,Canada,49.225992,-123.038514,V5S
138 Hastings St E #605, Vancouver,BC,V6A0E6,Canada,49.281058,-123.101197,V6A
3379 Heather St, Vancouver,BC,V5Z3K6,Canada,49.255423,-123.120533,V5Z
4347 W 9th Ave, Vancouver,BC,V6R2C8,Canada,49.264875,-123.204433,V6R
845 Chilco St #1501, Vancouver,BC,V6G2R2,Canada,49.292989,-123.139433,V6G
3839 W 35th Ave, Vancouver,BC,V6N2N8,Canada,49.240746,-123.189258,V6N
2545 Broadway W #216, Vancouver,BC,V6K2E9,Canada,49.264294,-123.163584,V6K
4586 W 8th Ave, Vancouver,BC,V6R2A5,Canada,49.265369,-123.211463,V6R
150 Cordova St E #903, Vancouver,BC,V6A0E7,Canada,49.282046,-123.100519,V6A
3315 Knight St, Vancouver,BC,V5N3K7,Canada,49.255054,-123.076285,V5N
1077 Cordova St W PENTHOUSE 4201, Vancouver,BC,V6C2C6,Canada,49.288396,-123.117833,V6C
885 Cambie St #2500, Vancouver,BC,V6B0R6,Canada,49.277518,-123.116547,V6B
1050 Chilco St #606, Vancouver,BC,V6G2R8,Canada,49.290238,-123.142748,V6G
1222 Victoria Dr, Vancouver,BC,V5L4H3,Canada,49.273427,-123.065333,V5L
1066 Hamilton St #205, Vancouver,BC,V6B2R9,Canada,49.276179,-123.120217,V6B
3644 E 28th Ave #3, Vancouver,BC,V5R1T7,Canada,49.245106,-123.024899,V5R
2549 E Kent Ave N, Vancouver,BC,V5S2H7,Canada,49.206175,-123.055214,V5S
1777 Bayshore Dr PENTHOUSE 2, Vancouver,BC,V6G3H2,Canada,49.292959,-123.132023,V6G
1895 E 39th Ave, Vancouver,BC,V5P1H5,Canada,49.234713,-123.067314,V5P
3123 W 27th Ave, Vancouver,BC,V6L1W6,Canada,49.248277,-123.174557,V6L
183 Keefer Pl #904, Vancouver,BC,V6B6B9,Canada,49.280356,-123.10826,V6B
2811 W 12th Ave, Vancouver,BC,V6K2R1,Canada,49.261638,-123.168606,V6K
3364 Marquette Cres #439, Vancouver,BC,V5S4K4,Canada,49.212937,-123.031175,V5S
6262 Angus Dr, Vancouver,BC,V6M3P3,Canada,49.229273,-123.147476,V6M
625 E 44th Ave, Vancouver,BC,V5W1W4,Canada,49.230373,-123.092097,V5W
3588 Sawmill Cres #101, Vancouver,BC,V5S0E3,Canada,49.206218,-123.02787,V5S
1128 Quebec St #1806, Vancouver,BC,V6A4E1,Canada,49.274651,-123.101142,V6A
1386 W 73rd Ave #102, Vancouver,BC,V6P3E8,Canada,49.204706,-123.137817,V6P
5058 Joyce St #1208, Vancouver,BC,V5R0J9,Canada,49.238596,-123.031047,V5R
6926 Blenheim St, Vancouver,BC,V6N1R9,Canada,49.223172,-123.178516,V6N
1188 Howe St #2303, Vancouver,BC,V6Z2S8,Canada,49.278315,-123.12697,V6Z
1230 Comox St #303, Vancouver,BC,V6E1K7,Canada,49.283365,-123.13222,V6E
983 Hastings St E #202, Vancouver,BC,V6A1P2,Canada,49.28134,-123.084033,V6A
1850 Comox St #1206, Vancouver,BC,V6G1R3,Canada,49.288968,-123.140776,V6G
1649 W 69th Ave, Vancouver,BC,V6P2W7,Canada,49.209824,-123.145369,V6P
2365 W 3rd Ave #301, Vancouver,BC,V6K1L6,Canada,49.269357,-123.159169,V6K
1328 W Pender St #2807, Vancouver,BC,V6E4S9,Canada,49.289067,-123.126664,V6E
1075 W 13th Ave #203, Vancouver,BC,V6H1N1,Canada,49.25993,-123.128457,V6H
328 Semlin Dr, Vancouver,BC,V5L0A6,Canada,49.281704,-123.063998,V5L
4535 W 1st Ave, Vancouver,BC,V6R1H7,Canada,49.272378,-123.209913,V6R
2018 E 6th Ave, Vancouver,BC,V5N1P1,Canada,49.264772,-123.06343,V5N
3576 Georgia St E, Vancouver,BC,V5K2L8,Canada,49.278003,-123.026556,V5K
155 E 23rd Ave, Vancouver,BC,V5V1X1,Canada,49.250457,-123.102081,V5V
1450 Pennyfarthing Dr #1003, Vancouver,BC,V6J4X8,Canada,49.272062,-123.141305,V6J
1530 W 8th Ave #805, Vancouver,BC,V6J5M6,Canada,49.264277,-123.139811,V6J
4502 Nanaimo St, Vancouver,BC,V5N5J4,Canada,49.244476,-123.056264,V5N
1318 W 6th Ave #201, Vancouver,BC,V6H1A7,Canada,49.26586,-123.134113,V6H
2767 W 21st Ave, Vancouver,BC,V6L1K4,Canada,49.253915,-123.166853,V6L
3132 Maple St, Vancouver,BC,V6J4X3,Canada,49.257641,-123.15101,V6J
1500 Howe St #2304, Vancouver,BC,V6Z2N1,Canada,49.274171,-123.132003,V6Z
1344 Laburnum St, Vancouver,BC,V6J3W3,Canada,49.274001,-123.151118,V6J
3513 Triumph St, Vancouver,BC,V5K1S5,Canada,49.28412,-123.027764,V5K
